#
# A fatal error has been detected by the Java Runtime Environment:
#
#  EXCEPTION_ACCESS_VIOLATION (0xc0000005) at pc=0x00007ff834de1087, pid=32708, tid=31256
#
# JRE version: OpenJDK Runtime Environment Microsoft-14653939 (17.0.20+8) (build 17.0.20+8-LTS)
# Java VM: OpenJDK 64-Bit Server VM Microsoft-14653939 (17.0.20+8-LTS, mixed mode, sharing, tiered, compressed oops, compressed class ptrs, g1 gc, windows-amd64)
# Problematic frame:
# V  [jvm.dll+0x2e1087]
#
# No core dump will be written. Minidumps are not enabled by default on client versions of Windows
#
# If you would like to submit a bug report, please visit:
#   https://github.com/microsoft/openjdk/issues
#

---------------  S U M M A R Y ------------

Command Line: --add-opens=java.base/java.lang=ALL-UNNAMED --add-opens=java.base/java.lang.invoke=ALL-UNNAMED --add-opens=java.base/java.util=ALL-UNNAMED --add-opens=java.prefs/java.util.prefs=ALL-UNNAMED --add-exports=jdk.compiler/com.sun.tools.javac.api=ALL-UNNAMED --add-exports=jdk.compiler/com.sun.tools.javac.util=ALL-UNNAMED --add-opens=java.base/java.util=ALL-UNNAMED --add-opens=java.prefs/java.util.prefs=ALL-UNNAMED --add-opens=java.base/java.nio.charset=ALL-UNNAMED --add-opens=java.base/java.net=ALL-UNNAMED --add-opens=java.base/java.util.concurrent=ALL-UNNAMED --add-opens=java.base/java.util.concurrent.atomic=ALL-UNNAMED --add-opens=java.xml/javax.xml.namespace=ALL-UNNAMED --add-opens=java.base/java.time=ALL-UNNAMED -XX:MaxMetaspaceSize=512m -Xmx2048m -Dfile.encoding=UTF-8 -Duser.country=IN -Duser.language=en -Duser.variant -javaagent:C:\Users\bhuva\.gradle\wrapper\dists\gradle-9.3.1-bin\23ovyewtku6u96viwx3xl3oks\gradle-9.3.1\lib\agents\gradle-instrumentation-agent-9.3.1.jar org.gradle.launcher.daemon.bootstrap.GradleDaemon 9.3.1

Host: 12th Gen Intel(R) Core(TM) i5-1240P, 16 cores, 15G,  Windows 11 , 64 bit Build 26100 (10.0.26100.8972)
Time: Tue Aug 11 14:18:55 2026 India Standard Time elapsed time: 390.675824 seconds (0d 0h 6m 30s)

---------------  T H R E A D  ---------------

Current thread (0x00000184217ac260):  ConcurrentGCThread "G1 Conc#2" [stack: 0x0000006528200000,0x0000006528300000] [id=31256]

Stack: [0x0000006528200000,0x0000006528300000],  sp=0x00000065282ff650,  free space=1021k
Native frames: (J=compiled Java code, j=interpreted, Vv=VM code, C=native code)
V  [jvm.dll+0x2e1087]  (no source info available)
V  [jvm.dll+0x2e0f4e]  (no source info available)
V  [jvm.dll+0x2df54d]  (no source info available)
V  [jvm.dll+0x2decd4]  (no source info available)
V  [jvm.dll+0x2f2699]  (no source info available)
V  [jvm.dll+0x2f126c]  (no source info available)
V  [jvm.dll+0x2f2b8c]  (no source info available)
V  [jvm.dll+0x2f1b92]  (no source info available)
V  [jvm.dll+0x2f5506]  (no source info available)
V  [jvm.dll+0x874188]  (no source info available)
V  [jvm.dll+0x8741d6]  (no source info available)
V  [jvm.dll+0x7f67dc]  (no source info available)
V  [jvm.dll+0x68e6f7]  (no source info available)
C  [ucrtbase.dll+0x2cd30]  (no source info available)
C  [KERNEL32.DLL+0x2ccb7]  (no source info available)
C  [ntdll.dll+0xaad6c]  (no source info available)


siginfo: EXCEPTION_ACCESS_VIOLATION (0xc0000005), reading address 0x00000000000000c0


Registers:
RAX=0x0000000000000000, RBX=0x000001845f489f00, RCX=0x000001845f473180, RDX=0x0000000000000000
RSP=0x00000065282ff650, RBP=0x0000000000000000, RSI=0x000001845f473180, RDI=0x0000000000010000
R8 =0x0000000000000000, R9 =0x0000000000010000, R10=0x000001845f473180, R11=0x0000000000000003
R12=0x0000000000000000, R13=0xaaaaaaaaaaaaaaab, R14=0x0000000000000000, R15=0x00000065282ff7d0
RIP=0x00007ff834de1087, EFLAGS=0x0000000000010206

XMM[0]=0x0000000000000000 0x0000000000000000
XMM[1]=0x0000000000000000 0x0000000000000000
XMM[2]=0x0000000000000000 0x0000000000000000
XMM[3]=0x0000000000000000 0x0000000000000000
XMM[4]=0x0000000000000000 0x0000000000000000
XMM[5]=0x0000000000000000 0x0000000000000000
XMM[6]=0x0000000000000000 0x3fffbaee43ada250
XMM[7]=0x0000000000000000 0x408f400000000000
XMM[8]=0x0000000000000000 0x0000000000000000
XMM[9]=0x0000000000000000 0x0000000000000000
XMM[10]=0x0000000000000000 0x0000000000000000
XMM[11]=0x0000000000000000 0x0000000000000000
XMM[12]=0x0000000000000000 0x0000000000000000
XMM[13]=0x0000000000000000 0x0000000000000000
XMM[14]=0x0000000000000000 0x0000000000000000
XMM[15]=0x0000000000000000 0x0000000000000000
  MXCSR=0x00001fa0


Register to memory mapping:

RIP=0x00007ff834de1087 jvm.dll
RAX=0x0 is NULL
RBX=0x000001845f489f00 points into unknown readable memory: 0x00007ff835467038 | 38 70 46 35 f8 7f 00 00
RCX=0x000001845f473180 points into unknown readable memory: 0x000001845f483c20 | 20 3c 48 5f 84 01 00 00
RDX=0x0 is NULL
RSP=0x00000065282ff650 points into unknown readable memory: 0x000031e963891e27 | 27 1e 89 63 e9 31 00 00
RBP=0x0 is NULL
RSI=0x000001845f473180 points into unknown readable memory: 0x000001845f483c20 | 20 3c 48 5f 84 01 00 00
RDI=0x0000000000010000 is an unknown value
R8 =0x0 is NULL
R9 =0x0000000000010000 is an unknown value
R10=0x000001845f473180 points into unknown readable memory: 0x000001845f483c20 | 20 3c 48 5f 84 01 00 00
R11=0x0000000000000003 is an unknown value
R12=0x0 is NULL
R13=0xaaaaaaaaaaaaaaab is an unknown value
R14=0x0 is NULL
R15=0x00000065282ff7d0 points into unknown readable memory: 0x000001845f473180 | 80 31 47 5f 84 01 00 00


Top of Stack: (sp=0x00000065282ff650)
0x00000065282ff650:   000031e963891e27 00000065282ff7f0
0x00000065282ff660:   0000000081df3a60 00007ff834de0f4e
0x00000065282ff670:   0000000000010000 00007ff834de0f4e
0x00000065282ff680:   00000184000b5008 00000065282ff7f0
0x00000065282ff690:   0000000081df3ab0 00007ff834ddf08d
0x00000065282ff6a0:   00000065282ff7f0 00007ff834ddf54d
0x00000065282ff6b0:   0000000081df3a8c 0000000081e46550
0x00000065282ff6c0:   00000065282ff7d0 0000000000000000
0x00000065282ff6d0:   0000018400130c48 00007ff834ddecd4
0x00000065282ff6e0:   000000000000000a 0000000081df3a60
0x00000065282ff6f0:   00000065282ff7f0 0000000000000000
0x00000065282ff700:   000001845f489f00 00007ff834df2699
0x00000065282ff710:   0000000081df3a60 0000000000000000
0x00000065282ff720:   0000000000000040 00007ff8351f1c04
0x00000065282ff730:   0000000081ec5478 00007ff834df126c
0x00000065282ff740:   0000000081df3a60 00000000003d8a8f
0x00000065282ff750:   000001845f473190 00000065282ff7d0
0x00000065282ff760:   00000000003e0000 00007ff834df2b8c
0x00000065282ff770:   0000000081ec5458 00000000003d8a8f
0x00000065282ff780:   0000000081d14940 0000000000000000
0x00000065282ff790:   0000000000000001 0000000000000000
0x00000065282ff7a0:   000001845f489f00 00007ff834df1b92
0x00000065282ff7b0:   000001845f489f98 00000065253ff401
0x00000065282ff7c0:   000001845f489f98 0000018421d55620
0x00000065282ff7d0:   000001845f473180 000001845f489f00
0x00000065282ff7e0:   0000000081e70ff0 0000000000011e02
0x00000065282ff7f0:   00007ff835467058 000001847d682420
0x00000065282ff800:   0000018400000003 000001845f425280
0x00000065282ff810:   000001845f489f00 00007ff83518879c
0x00000065282ff820:   c215b08487f53f7d 0000000000000000
0x00000065282ff830:   0000000000000000 0000000000000000
0x00000065282ff840:   000001847ea771a0 00000184217ac260 

Instructions: (pc=0x00007ff834de1087)
0x00007ff834de0f87:   3b f9 0f 83 ca 00 00 00 80 3d 46 a8 8b 00 00 74
0x00007ff834de0f97:   15 8b 47 08 8b 0d 67 e3 84 00 48 d3 e0 48 03 05
0x00007ff834de0fa7:   55 e3 84 00 eb 04 48 8b 47 08 81 78 08 00 00 00
0x00007ff834de0fb7:   c0 72 35 48 8b 83 a8 00 00 00 48 39 83 a0 00 00
0x00007ff834de0fc7:   00 73 10 48 8b 83 c0 00 00 00 48 39 83 b8 00 00
0x00007ff834de0fd7:   00 72 7f 48 8b cb e8 be 2a 01 00 b0 01 48 8b 5c
0x00007ff834de0fe7:   24 30 48 83 c4 20 5f c3 48 8b 53 30 44 8b 82 80
0x00007ff834de0ff7:   00 00 00 8b 82 00 01 00 00 41 8b c8 2b c8 81 e1
0x00007ff834de1007:   ff ff 01 00 81 f9 fe ff 01 00 72 2c 48 8b cb e8
0x00007ff834de1017:   25 1e 01 00 48 8b 53 30 44 8b 82 80 00 00 00 8b
0x00007ff834de1027:   82 00 01 00 00 41 8b c8 2b c8 81 e1 ff ff 01 00
0x00007ff834de1037:   81 f9 fe ff 01 00 73 1a 48 8b 82 80 01 00 00 4a
0x00007ff834de1047:   89 3c c0 41 8d 40 01 25 ff ff 01 00 89 82 80 00
0x00007ff834de1057:   00 00 48 8b 5c 24 30 b0 01 48 83 c4 20 5f c3 cc
0x00007ff834de1067:   cc cc cc cc cc cc cc cc cc 48 89 6c 24 10 48 89
0x00007ff834de1077:   74 24 18 57 48 83 ec 20 49 8b f9 8b ea 48 8b f1
0x00007ff834de1087:   4d 3b 88 c0 00 00 00 72 12 32 c0 48 8b 6c 24 38
0x00007ff834de1097:   48 8b 74 24 40 48 83 c4 20 5f c3 48 89 5c 24 30
0x00007ff834de10a7:   48 8b d7 48 8b 99 98 00 00 00 48 8b cb 48 8b 03
0x00007ff834de10b7:   ff 10 8b 4b 18 48 8b d7 48 2b 53 08 48 8b 43 20
0x00007ff834de10c7:   48 c1 ea 03 48 d3 ea 48 8b ca 48 c1 e9 06 4c 8d
0x00007ff834de10d7:   04 c8 0f b6 ca 49 8b 00 ba 01 00 00 00 48 d3 e2
0x00007ff834de10e7:   48 8b c8 48 0b ca 48 3b c8 74 12 f0 49 0f b1 08
0x00007ff834de10f7:   74 25 48 8b c8 48 0b ca 48 3b c8 75 ee 32 db 48
0x00007ff834de1107:   8b 6c 24 38 0f b6 c3 48 8b 5c 24 30 48 8b 74 24
0x00007ff834de1117:   40 48 83 c4 20 5f c3 80 3d b7 a6 8b 00 00 b3 01
0x00007ff834de1127:   74 15 8b 57 08 8b 0d d6 e1 84 00 48 d3 e2 48 03
0x00007ff834de1137:   15 c4 e1 84 00 eb 04 48 8b 57 08 48 8b cf e8 d6
0x00007ff834de1147:   b2 d2 ff 48 8b 8e 08 03 00 00 4c 63 d8 4c 8b 0c
0x00007ff834de1157:   e9 49 8b 51 18 8b 8a c8 01 00 00 4c 8b 82 c0 01
0x00007ff834de1167:   00 00 41 8b 51 60 49 d3 e0 8b 0d 8a b0 8b 00 49
0x00007ff834de1177:   2b f8 48 d3 ef 44 8b d7 49 23 d2 48 c1 e2 04 49 


Stack slot to memory mapping:
stack at sp + 0 slots: 0x000031e963891e27 is an unknown value
stack at sp + 1 slots: 0x00000065282ff7f0 points into unknown readable memory: 0x00007ff835467058 | 58 70 46 35 f8 7f 00 00
stack at sp + 2 slots: 0x0000000081df3a60 is an oop: [Ljava.util.HashMap$Node; 
{0x0000000081df3a60} - klass: 'java/util/HashMap$Node'[]
 - length: 16
stack at sp + 3 slots: 0x00007ff834de0f4e jvm.dll
stack at sp + 4 slots: 0x0000000000010000 is an unknown value
stack at sp + 5 slots: 0x00007ff834de0f4e jvm.dll
stack at sp + 6 slots: 0x00000184000b5008 is pointing into metadata
stack at sp + 7 slots: 0x00000065282ff7f0 points into unknown readable memory: 0x00007ff835467058 | 58 70 46 35 f8 7f 00 00


---------------  P R O C E S S  ---------------

Threads class SMR info:
_java_thread_list=0x00000184453397f0, length=257, elements={
0x000001845f412170, 0x000001847d7e3120, 0x000001847d7e3600, 0x000001847d7f4f70,
0x000001847d7f5450, 0x000001847d7f6960, 0x000001847d7fd810, 0x000001847d7ff1e0,
0x000001847d812140, 0x000001847d826650, 0x000001847e481140, 0x000001847e6d9870,
0x000001841f05dbc0, 0x000001841f05bd60, 0x000001841f05ae30, 0x000001841f05c780,
0x00000184211b08f0, 0x00000184211b2240, 0x00000184211b0e00, 0x00000184211b1310,
0x00000184211b2c60, 0x00000184211b1820, 0x00000184211afed0, 0x00000184211b03e0,
0x00000184211b59f0, 0x00000184211b45b0, 0x00000184211b4ac0, 0x00000184211b5f00,
0x00000184211b6920, 0x00000184211b3680, 0x00000184211b3b90, 0x00000184211b40a0,
0x000001841ff857f0, 0x000001841ff87650, 0x000001841ff87140, 0x000001841ff86c30,
0x000001841ff86720, 0x000001841fb7b9a0, 0x00000184272fb960, 0x00000184272fcda0,
0x00000184272f86c0, 0x00000184272fc380, 0x00000184272fc890, 0x00000184272f95f0,
0x00000184272fd7c0, 0x00000184272fa010, 0x00000184272ff110, 0x00000184272ff620,
0x0000018444fef580, 0x00000184271bcc90, 0x00000184358bb640, 0x00000184270e3fc0,
0x00000184270e49e0, 0x00000184270e3ab0, 0x000001841fcd0860, 0x000001841fcd35f0,
0x000001841fcd1280, 0x000001841fcd3b00, 0x00000184270e44d0, 0x00000184270e3090,
0x00000184270e35a0, 0x000001844f576350, 0x000001842715fe10, 0x000001844390c9c0,
0x000001844390b070, 0x0000018427160830, 0x0000018435d4b490, 0x0000018427160d40,
0x0000018427160320, 0x000001842532f490, 0x0000018435adf800, 0x0000018435adfd10,
0x0000018434298d50, 0x0000018434299260, 0x0000018434297e20, 0x0000018434298840,
0x0000018434299c80, 0x000001843429a6a0, 0x000001843429abb0, 0x0000018434297400,
0x0000018434297910, 0x0000018444a1eaa0, 0x0000018444a1efb0, 0x0000018421f329b0,
0x000001844f573ad0, 0x000001841fcd0d70, 0x000001841fcd26c0, 0x000001841fcd4520,
0x000001841fcd21b0, 0x000001841fcd1790, 0x000001841fcd4a30, 0x000001841fcd30e0,
0x000001841fcd4010, 0x000001841fcd4f40, 0x000001841fcd5450, 0x000001841fcd2bd0,
0x000001841fcd1ca0, 0x000001841fcd77c0, 0x000001841fcd81e0, 0x000001841fcd72b0,
0x000001841fcd86f0, 0x000001841fcd5960, 0x0000018435ade3c0, 0x0000018435adede0,
0x000001842431bf30, 0x000001842431c950, 0x000001842431c440, 0x000001842431ba20,
0x000001842431ce60, 0x000001842431b000, 0x000001842431a0d0, 0x000001842431b510,
0x000001842431a5e0, 0x00000184243196b0, 0x0000018424319bc0, 0x000001842431aaf0,
0x000001844575b210, 0x0000018435ae03d0, 0x0000018435ae1300, 0x0000018435ae08e0,
0x0000018435ae1d20, 0x0000018435ae0df0, 0x000001844e486c90, 0x000001844e485850,
0x000001844e487bc0, 0x000001844e485340, 0x000001844e4871a0, 0x000001844e486780,
0x000001844e4880d0, 0x000001844e485d60, 0x000001844e4885e0, 0x000001844e484e30,
0x000001844e486270, 0x000001844e4876b0, 0x0000018435999d60, 0x000001842532f9a0,
0x000001842532ef80, 0x0000018444fefa90, 0x0000018444ff09c0, 0x0000018444ff04b0,
0x0000018444fef070, 0x0000018444feffa0, 0x00000184358b8550, 0x00000184358b8a60,
0x000001842532d120, 0x00000184358b8f70, 0x00000184358b9480, 0x000001844527a570,
0x00000184358b5cd0, 0x00000184358b61e0, 0x00000184358b7620, 0x00000184358b66f0,
0x00000184358b7110, 0x000001847d7483b0, 0x0000018443919cc0, 0x0000018444ebb890,
0x0000018444ebe110, 0x0000018445277cf0, 0x0000018444ebc2b0, 0x000001844527aa80,
0x0000018444ebae70, 0x0000018445278c20, 0x0000018444eba960, 0x0000018444ebb380,
0x0000018444ebc7c0, 0x0000018444ebccd0, 0x000001844f573fe0, 0x000001844f577280,
0x000001844f575e40, 0x000001842532feb0, 0x000001844f576d70, 0x000001842532cc10,
0x000001844f5744f0, 0x000001842532c700, 0x000001844f575930, 0x000001842532d630,
0x000001844f576860, 0x000001842532db40, 0x000001844f574a00, 0x000001842532e050,
0x000001844f574f10, 0x000001842532e560, 0x000001844f575420, 0x000001842532ea70,
0x0000018444e28320, 0x0000018444e269d0, 0x0000018444e26ee0, 0x000001844edd74e0,
0x0000018443916870, 0x0000018443916d80, 0x0000018445279130, 0x0000018445279640,
0x000001844527a060, 0x0000018445278200, 0x0000018445279b50, 0x00000184452777e0,
0x0000018445278710, 0x00000184452772d0, 0x00000184454545d0, 0x0000018445456430,
0x0000018445456e50, 0x0000018445455f20, 0x0000018445455500, 0x0000018445454ae0,
0x00000184454540c0, 0x0000018445456940, 0x0000018445453bb0, 0x00000184454536a0,
0x0000018445454ff0, 0x0000018445455a10, 0x000001844d7055f0, 0x000001844d706010,
0x000001844d705b00, 0x000001844d707450, 0x000001844d706520, 0x000001844d706a30,
0x000001844d7050e0, 0x000001844d707e70, 0x000001844d706f40, 0x000001844d707960,
0x000001844d708380, 0x000001844d704bd0, 0x000001844396abd0, 0x000001844396b0e0,
0x000001844396d960, 0x000001844396b5f0, 0x000001844396c520, 0x000001844396bb00,
0x000001844396c010, 0x000001844396d450, 0x000001844396de70, 0x000001844396ca30,
0x0000018433d835a0, 0x0000018433d849e0, 0x0000018433d83090, 0x0000018433d83ab0,
0x0000018433d844d0, 0x0000018433fc7b90, 0x0000018433fc80a0, 0x0000018433fc5310,
0x00000184445b00f0, 0x00000184445ae290, 0x00000184445b0600, 0x00000184445ae7a0,
0x00000184445b0b10, 0x00000184445add80, 0x00000184445af6d0, 0x00000184445aecb0,
0x00000184445afbe0, 0x000001841fcd8c00, 0x000001841fcd7cd0, 0x000001841fcd9110,
0x0000018435c04430, 0x0000018427161250, 0x0000018444ebd1e0, 0x000001844396cf40,
0x0000018433ecd6a0
}

Java Threads: ( => current thread )
  0x000001845f412170 JavaThread "main" [_thread_blocked, id=50060, stack(0x0000006525100000,0x0000006525200000)]
  0x000001847d7e3120 JavaThread "Reference Handler" daemon [_thread_blocked, id=45360, stack(0x0000006525800000,0x0000006525900000)]
  0x000001847d7e3600 JavaThread "Finalizer" daemon [_thread_blocked, id=41084, stack(0x0000006525900000,0x0000006525a00000)]
  0x000001847d7f4f70 JavaThread "Signal Dispatcher" daemon [_thread_blocked, id=51880, stack(0x0000006525a00000,0x0000006525b00000)]
  0x000001847d7f5450 JavaThread "Attach Listener" daemon [_thread_blocked, id=31680, stack(0x0000006525b00000,0x0000006525c00000)]
  0x000001847d7f6960 JavaThread "Service Thread" daemon [_thread_blocked, id=35996, stack(0x0000006525c00000,0x0000006525d00000)]
  0x000001847d7fd810 JavaThread "Monitor Deflation Thread" daemon [_thread_blocked, id=45712, stack(0x0000006525d00000,0x0000006525e00000)]
  0x000001847d7ff1e0 JavaThread "C2 CompilerThread0" daemon [_thread_blocked, id=49916, stack(0x0000006525e00000,0x0000006525f00000)]
  0x000001847d812140 JavaThread "C1 CompilerThread0" daemon [_thread_blocked, id=6776, stack(0x0000006525f00000,0x0000006526000000)]
  0x000001847d826650 JavaThread "Sweeper thread" daemon [_thread_blocked, id=25968, stack(0x0000006526000000,0x0000006526100000)]
  0x000001847e481140 JavaThread "Common-Cleaner" daemon [_thread_blocked, id=18484, stack(0x0000006526200000,0x0000006526300000)]
  0x000001847e6d9870 JavaThread "Notification Thread" daemon [_thread_blocked, id=31356, stack(0x0000006526600000,0x0000006526700000)]
  0x000001841f05dbc0 JavaThread "Daemon health stats" [_thread_blocked, id=47536, stack(0x0000006526900000,0x0000006526a00000)]
  0x000001841f05bd60 JavaThread "Incoming local TCP Connector on port 54502" [_thread_in_native, id=54200, stack(0x0000006526f00000,0x0000006527000000)]
  0x000001841f05ae30 JavaThread "Daemon periodic checks" [_thread_blocked, id=28800, stack(0x0000006527000000,0x0000006527100000)]
  0x000001841f05c780 JavaThread "Cache worker for journal cache (C:\Users\bhuva\.gradle\caches\journal-1)" [_thread_blocked, id=9828, stack(0x0000006526800000,0x0000006526900000)]
  0x00000184211b08f0 JavaThread "File lock request listener" [_thread_in_native, id=39428, stack(0x0000006527800000,0x0000006527900000)]
  0x00000184211b2240 JavaThread "Cache worker for file hash cache (C:\Users\bhuva\.gradle\caches\9.3.1\fileHashes)" [_thread_blocked, id=25852, stack(0x0000006527900000,0x0000006527a00000)]
  0x00000184211b0e00 JavaThread "File watcher server" daemon [_thread_in_native, id=46472, stack(0x0000006526500000,0x0000006526600000)]
  0x00000184211b1310 JavaThread "File watcher consumer" daemon [_thread_blocked, id=52420, stack(0x0000006528400000,0x0000006528500000)]
  0x00000184211b2c60 JavaThread "jar transforms" [_thread_blocked, id=56544, stack(0x0000006528700000,0x0000006528800000)]
  0x00000184211b1820 JavaThread "jar transforms Thread 2" [_thread_blocked, id=56492, stack(0x0000006528800000,0x0000006528900000)]
  0x00000184211afed0 JavaThread "jar transforms Thread 3" [_thread_blocked, id=52448, stack(0x0000006528900000,0x0000006528a00000)]
  0x00000184211b03e0 JavaThread "Cache worker for file content cache (C:\Users\bhuva\.gradle\caches\9.3.1\fileContent)" [_thread_blocked, id=35868, stack(0x0000006528a00000,0x0000006528b00000)]
  0x00000184211b59f0 JavaThread "jar transforms Thread 4" [_thread_blocked, id=12572, stack(0x0000006529400000,0x0000006529500000)]
  0x00000184211b45b0 JavaThread "jar transforms Thread 5" [_thread_blocked, id=22732, stack(0x0000006529500000,0x0000006529600000)]
  0x00000184211b4ac0 JavaThread "jar transforms Thread 6" [_thread_blocked, id=24056, stack(0x0000006529200000,0x0000006529300000)]
  0x00000184211b5f00 JavaThread "jar transforms Thread 7" [_thread_blocked, id=48644, stack(0x0000006526100000,0x0000006526200000)]
  0x00000184211b6920 JavaThread "jar transforms Thread 8" [_thread_blocked, id=49048, stack(0x0000006529100000,0x0000006529200000)]
  0x00000184211b3680 JavaThread "jar transforms Thread 9" [_thread_blocked, id=52152, stack(0x0000006528b00000,0x0000006528c00000)]
  0x00000184211b3b90 JavaThread "jar transforms Thread 10" [_thread_blocked, id=55248, stack(0x0000006528c00000,0x0000006528d00000)]
  0x00000184211b40a0 JavaThread "jar transforms Thread 11" [_thread_blocked, id=25300, stack(0x0000006529300000,0x0000006529400000)]
  0x000001841ff857f0 JavaThread "jar transforms Thread 12" [_thread_blocked, id=35088, stack(0x0000006529600000,0x0000006529700000)]
  0x000001841ff87650 JavaThread "jar transforms Thread 13" [_thread_blocked, id=52940, stack(0x0000006529800000,0x0000006529900000)]
  0x000001841ff87140 JavaThread "jar transforms Thread 14" [_thread_blocked, id=42552, stack(0x0000006529900000,0x0000006529a00000)]
  0x000001841ff86c30 JavaThread "jar transforms Thread 15" [_thread_blocked, id=18764, stack(0x0000006529a00000,0x0000006529b00000)]
  0x000001841ff86720 JavaThread "jar transforms Thread 16" [_thread_blocked, id=12628, stack(0x0000006529b00000,0x0000006529c00000)]
  0x000001841fb7b9a0 JavaThread "Memory manager" [_thread_blocked, id=35336, stack(0x000000652c800000,0x000000652c900000)]
  0x00000184272fb960 JavaThread "ForkJoinPool.commonPool-worker-1" daemon [_thread_blocked, id=22476, stack(0x0000006530c00000,0x0000006530d00000)]
  0x00000184272fcda0 JavaThread "ForkJoinPool.commonPool-worker-2" daemon [_thread_blocked, id=51764, stack(0x0000006530d00000,0x0000006530e00000)]
  0x00000184272f86c0 JavaThread "ForkJoinPool.commonPool-worker-3" daemon [_thread_blocked, id=9724, stack(0x0000006530e00000,0x0000006530f00000)]
  0x00000184272fc380 JavaThread "ForkJoinPool.commonPool-worker-4" daemon [_thread_blocked, id=37796, stack(0x0000006530f00000,0x0000006531000000)]
  0x00000184272fc890 JavaThread "ForkJoinPool.commonPool-worker-5" daemon [_thread_blocked, id=52836, stack(0x0000006531000000,0x0000006531100000)]
  0x00000184272f95f0 JavaThread "ForkJoinPool.commonPool-worker-6" daemon [_thread_blocked, id=42724, stack(0x0000006531100000,0x0000006531200000)]
  0x00000184272fd7c0 JavaThread "ForkJoinPool.commonPool-worker-9" daemon [_thread_blocked, id=33124, stack(0x0000006531400000,0x0000006531500000)]
  0x00000184272fa010 JavaThread "ForkJoinPool.commonPool-worker-10" daemon [_thread_blocked, id=42232, stack(0x0000006531500000,0x0000006531600000)]
  0x00000184272ff110 JavaThread "ForkJoinPool.commonPool-worker-11" daemon [_thread_blocked, id=4428, stack(0x0000006531700000,0x0000006531800000)]
  0x00000184272ff620 JavaThread "ForkJoinPool.commonPool-worker-12" daemon [_thread_blocked, id=53152, stack(0x0000006531900000,0x0000006531a00000)]
  0x0000018444fef580 JavaThread "pool-3-thread-1" [_thread_blocked, id=20472, stack(0x0000006531600000,0x0000006531700000)]
  0x00000184271bcc90 JavaThread "ForkJoinPool.commonPool-worker-15" daemon [_thread_blocked, id=54444, stack(0x0000006531800000,0x0000006531900000)]
  0x00000184358bb640 JavaThread "Daemon Thread 2" [_thread_blocked, id=18440, stack(0x0000006524f00000,0x0000006525000000)]
  0x00000184270e3fc0 JavaThread "Handler for socket connection from /127.0.0.1:54502 to /127.0.0.1:63153" [_thread_in_native, id=42592, stack(0x0000006526400000,0x0000006526500000)]
  0x00000184270e49e0 JavaThread "Cancel handler" [_thread_blocked, id=13720, stack(0x0000006527100000,0x0000006527200000)]
  0x00000184270e3ab0 JavaThread "Daemon worker Thread 2" [_thread_in_vm, id=41372, stack(0x0000006527200000,0x0000006527300000)]
  0x000001841fcd0860 JavaThread "Asynchronous log dispatcher for DefaultDaemonConnection: socket connection from /127.0.0.1:54502 to /127.0.0.1:63153" [_thread_blocked, id=48364, stack(0x0000006527300000,0x0000006527400000)]
  0x000001841fcd35f0 JavaThread "Stdin handler" [_thread_blocked, id=42416, stack(0x0000006527400000,0x0000006527500000)]
  0x000001841fcd1280 JavaThread "Daemon client event forwarder" [_thread_blocked, id=10432, stack(0x0000006527500000,0x0000006527600000)]
  0x000001841fcd3b00 JavaThread "Cache worker for file hash cache (D:\nomad archives\photon\android\.gradle\9.3.1\fileHashes)" [_thread_blocked, id=48664, stack(0x0000006527600000,0x0000006527700000)]
  0x00000184270e44d0 JavaThread "Cache worker for Build Output Cleanup Cache (D:\nomad archives\photon\android\.gradle\buildOutputCleanup)" [_thread_blocked, id=54436, stack(0x0000006527700000,0x0000006527800000)]
  0x00000184270e3090 JavaThread "Cache worker for checksums cache (D:\nomad archives\photon\android\.gradle\9.3.1\checksums)" [_thread_blocked, id=25444, stack(0x0000006528300000,0x0000006528400000)]
  0x00000184270e35a0 JavaThread "Cache worker for cache directory md-supplier (C:\Users\bhuva\.gradle\caches\9.3.1\md-supplier)" [_thread_blocked, id=27256, stack(0x0000006528500000,0x0000006528600000)]
  0x000001844f576350 JavaThread "Cache worker for cache directory md-rule (C:\Users\bhuva\.gradle\caches\9.3.1\md-rule)" [_thread_blocked, id=55108, stack(0x0000006528600000,0x0000006528700000)]
  0x000001842715fe10 JavaThread "Exec process Thread 4" [_thread_blocked, id=41932, stack(0x0000006529000000,0x0000006529100000)]
  0x000001844390c9c0 JavaThread "Exec process Thread 5" [_thread_blocked, id=28268, stack(0x0000006529700000,0x0000006529800000)]
  0x000001844390b070 JavaThread "Exec process Thread 6" [_thread_blocked, id=628, stack(0x0000006529c00000,0x0000006529d00000)]
  0x0000018427160830 JavaThread "Cache worker for Build Output Cleanup Cache (D:\nomad archives\photon\node_modules\@react-native\gradle-plugin\.gradle\buildOutputCleanup)" [_thread_blocked, id=53404, stack(0x0000006529d00000,0x0000006529e00000)]
  0x0000018435d4b490 JavaThread "C1 CompilerThread1" daemon [_thread_blocked, id=56856, stack(0x0000006529e00000,0x0000006529f00000)]
  0x0000018427160d40 JavaThread "Unconstrained build operations" [_thread_blocked, id=16888, stack(0x0000006528f00000,0x0000006529000000)]
  0x0000018427160320 JavaThread "Unconstrained build operations Thread 2" [_thread_blocked, id=25220, stack(0x0000006529f00000,0x000000652a000000)]
  0x000001842532f490 JavaThread "Cache worker for Build Output Cleanup Cache (D:\nomad archives\photon\node_modules\expo-modules-autolinking\android\expo-gradle-plugin\.gradle\buildOutputCleanup)" [_thread_blocked, id=6548, stack(0x0000006528d00000,0x0000006528e00000)]
  0x0000018435adf800 JavaThread "Unconstrained build operations Thread 3" [_thread_blocked, id=21616, stack(0x000000652a600000,0x000000652a700000)]
  0x0000018435adfd10 JavaThread "Unconstrained build operations Thread 4" [_thread_blocked, id=46816, stack(0x000000652a700000,0x000000652a800000)]
  0x0000018434298d50 JavaThread "Unconstrained build operations Thread 5" [_thread_blocked, id=28556, stack(0x000000652a800000,0x000000652a900000)]
  0x0000018434299260 JavaThread "Unconstrained build operations Thread 6" [_thread_blocked, id=43048, stack(0x000000652a900000,0x000000652aa00000)]
  0x0000018434297e20 JavaThread "Unconstrained build operations Thread 7" [_thread_blocked, id=18424, stack(0x000000652aa00000,0x000000652ab00000)]
  0x0000018434298840 JavaThread "Unconstrained build operations Thread 8" [_thread_blocked, id=40072, stack(0x000000652ab00000,0x000000652ac00000)]
  0x0000018434299c80 JavaThread "Unconstrained build operations Thread 9" [_thread_blocked, id=32868, stack(0x000000652ac00000,0x000000652ad00000)]
  0x000001843429a6a0 JavaThread "Unconstrained build operations Thread 10" [_thread_blocked, id=48704, stack(0x000000652ad00000,0x000000652ae00000)]
  0x000001843429abb0 JavaThread "Unconstrained build operations Thread 11" [_thread_blocked, id=31252, stack(0x000000652ae00000,0x000000652af00000)]
  0x0000018434297400 JavaThread "Unconstrained build operations Thread 12" [_thread_blocked, id=26184, stack(0x000000652af00000,0x000000652b000000)]
  0x0000018434297910 JavaThread "Unconstrained build operations Thread 13" [_thread_blocked, id=31048, stack(0x000000652b000000,0x000000652b100000)]
  0x0000018444a1eaa0 JavaThread "Unconstrained build operations Thread 14" [_thread_blocked, id=6772, stack(0x000000652b100000,0x000000652b200000)]
  0x0000018444a1efb0 JavaThread "Unconstrained build operations Thread 15" [_thread_blocked, id=24968, stack(0x000000652b200000,0x000000652b300000)]
  0x0000018421f329b0 JavaThread "Unconstrained build operations Thread 16" [_thread_blocked, id=43912, stack(0x000000652b300000,0x000000652b400000)]
  0x000001844f573ad0 JavaThread "Unconstrained build operations Thread 17" [_thread_blocked, id=27916, stack(0x000000652b400000,0x000000652b500000)]
  0x000001841fcd0d70 JavaThread "Unconstrained build operations Thread 18" [_thread_blocked, id=57136, stack(0x0000006528e00000,0x0000006528f00000)]
  0x000001841fcd26c0 JavaThread "Unconstrained build operations Thread 19" [_thread_blocked, id=3156, stack(0x000000652b500000,0x000000652b600000)]
  0x000001841fcd4520 JavaThread "Unconstrained build operations Thread 20" [_thread_blocked, id=44688, stack(0x000000652b600000,0x000000652b700000)]
  0x000001841fcd21b0 JavaThread "Unconstrained build operations Thread 21" [_thread_blocked, id=57084, stack(0x000000652b700000,0x000000652b800000)]
  0x000001841fcd1790 JavaThread "Unconstrained build operations Thread 22" [_thread_blocked, id=35628, stack(0x000000652b800000,0x000000652b900000)]
  0x000001841fcd4a30 JavaThread "Unconstrained build operations Thread 23" [_thread_blocked, id=44148, stack(0x000000652b900000,0x000000652ba00000)]
  0x000001841fcd30e0 JavaThread "Unconstrained build operations Thread 24" [_thread_blocked, id=6884, stack(0x000000652ba00000,0x000000652bb00000)]
  0x000001841fcd4010 JavaThread "Unconstrained build operations Thread 25" [_thread_blocked, id=22452, stack(0x000000652bb00000,0x000000652bc00000)]
  0x000001841fcd4f40 JavaThread "Unconstrained build operations Thread 26" [_thread_blocked, id=48684, stack(0x000000652bc00000,0x000000652bd00000)]
  0x000001841fcd5450 JavaThread "Unconstrained build operations Thread 27" [_thread_blocked, id=15492, stack(0x000000652be00000,0x000000652bf00000)]
  0x000001841fcd2bd0 JavaThread "Unconstrained build operations Thread 28" [_thread_blocked, id=12740, stack(0x000000652bf00000,0x000000652c000000)]
  0x000001841fcd1ca0 JavaThread "Unconstrained build operations Thread 29" [_thread_blocked, id=24660, stack(0x000000652c000000,0x000000652c100000)]
  0x000001841fcd77c0 JavaThread "Unconstrained build operations Thread 30" [_thread_blocked, id=34432, stack(0x000000652c100000,0x000000652c200000)]
  0x000001841fcd81e0 JavaThread "Unconstrained build operations Thread 31" [_thread_blocked, id=7684, stack(0x000000652c200000,0x000000652c300000)]
  0x000001841fcd72b0 JavaThread "Unconstrained build operations Thread 32" [_thread_blocked, id=49068, stack(0x000000652c400000,0x000000652c500000)]
  0x000001841fcd86f0 JavaThread "build event listener" [_thread_blocked, id=11096, stack(0x000000652c600000,0x000000652c700000)]
  0x000001841fcd5960 JavaThread "Problems report writer" [_thread_blocked, id=33920, stack(0x000000652c700000,0x000000652c800000)]
  0x0000018435ade3c0 JavaThread "Unconstrained build operations Thread 33" [_thread_blocked, id=31796, stack(0x000000652cb00000,0x000000652cc00000)]
  0x0000018435adede0 JavaThread "Unconstrained build operations Thread 34" [_thread_blocked, id=44276, stack(0x000000652cc00000,0x000000652cd00000)]
  0x000001842431bf30 JavaThread "Unconstrained build operations Thread 35" [_thread_blocked, id=18560, stack(0x000000652cd00000,0x000000652ce00000)]
  0x000001842431c950 JavaThread "Unconstrained build operations Thread 36" [_thread_blocked, id=47564, stack(0x000000652ce00000,0x000000652cf00000)]
  0x000001842431c440 JavaThread "Unconstrained build operations Thread 37" [_thread_blocked, id=21912, stack(0x000000652cf00000,0x000000652d000000)]
  0x000001842431ba20 JavaThread "Unconstrained build operations Thread 38" [_thread_blocked, id=56948, stack(0x000000652d000000,0x000000652d100000)]
  0x000001842431ce60 JavaThread "Unconstrained build operations Thread 39" [_thread_blocked, id=36572, stack(0x000000652d100000,0x000000652d200000)]
  0x000001842431b000 JavaThread "Unconstrained build operations Thread 40" [_thread_blocked, id=54800, stack(0x000000652d200000,0x000000652d300000)]
  0x000001842431a0d0 JavaThread "Unconstrained build operations Thread 41" [_thread_blocked, id=25992, stack(0x000000652d300000,0x000000652d400000)]
  0x000001842431b510 JavaThread "Unconstrained build operations Thread 42" [_thread_blocked, id=11048, stack(0x000000652d400000,0x000000652d500000)]
  0x000001842431a5e0 JavaThread "Unconstrained build operations Thread 43" [_thread_blocked, id=53232, stack(0x000000652d500000,0x000000652d600000)]
  0x00000184243196b0 JavaThread "Unconstrained build operations Thread 44" [_thread_blocked, id=18752, stack(0x000000652d600000,0x000000652d700000)]
  0x0000018424319bc0 JavaThread "Unconstrained build operations Thread 45" [_thread_blocked, id=34040, stack(0x000000652d700000,0x000000652d800000)]
  0x000001842431aaf0 JavaThread "Unconstrained build operations Thread 46" [_thread_blocked, id=21136, stack(0x000000652d800000,0x000000652d900000)]
  0x000001844575b210 JavaThread "Unconstrained build operations Thread 47" [_thread_blocked, id=18364, stack(0x000000652d900000,0x000000652da00000)]
  0x0000018435ae03d0 JavaThread "build event listener" [_thread_blocked, id=55796, stack(0x000000652da00000,0x000000652db00000)]
  0x0000018435ae1300 JavaThread "Unconstrained build operations Thread 48" [_thread_blocked, id=51816, stack(0x000000652df00000,0x000000652e000000)]
  0x0000018435ae08e0 JavaThread "Unconstrained build operations Thread 49" [_thread_blocked, id=56624, stack(0x000000652e100000,0x000000652e200000)]
  0x0000018435ae1d20 JavaThread "Unconstrained build operations Thread 50" [_thread_blocked, id=45216, stack(0x000000652e200000,0x000000652e300000)]
  0x0000018435ae0df0 JavaThread "Unconstrained build operations Thread 51" [_thread_blocked, id=48180, stack(0x000000652e400000,0x000000652e500000)]
  0x000001844e486c90 JavaThread "Unconstrained build operations Thread 52" [_thread_blocked, id=34864, stack(0x000000652e500000,0x000000652e600000)]
  0x000001844e485850 JavaThread "Unconstrained build operations Thread 53" [_thread_blocked, id=32824, stack(0x000000652e600000,0x000000652e700000)]
  0x000001844e487bc0 JavaThread "Unconstrained build operations Thread 54" [_thread_blocked, id=42036, stack(0x000000652e700000,0x000000652e800000)]
  0x000001844e485340 JavaThread "Unconstrained build operations Thread 55" [_thread_blocked, id=55732, stack(0x000000652e800000,0x000000652e900000)]
  0x000001844e4871a0 JavaThread "Unconstrained build operations Thread 56" [_thread_blocked, id=49100, stack(0x000000652e900000,0x000000652ea00000)]
  0x000001844e486780 JavaThread "Unconstrained build operations Thread 57" [_thread_blocked, id=25352, stack(0x000000652ea00000,0x000000652eb00000)]
  0x000001844e4880d0 JavaThread "Unconstrained build operations Thread 58" [_thread_blocked, id=10872, stack(0x000000652eb00000,0x000000652ec00000)]
  0x000001844e485d60 JavaThread "Unconstrained build operations Thread 59" [_thread_blocked, id=45668, stack(0x000000652ec00000,0x000000652ed00000)]
  0x000001844e4885e0 JavaThread "Unconstrained build operations Thread 60" [_thread_blocked, id=55144, stack(0x000000652ed00000,0x000000652ee00000)]
  0x000001844e484e30 JavaThread "Unconstrained build operations Thread 61" [_thread_blocked, id=31612, stack(0x000000652ee00000,0x000000652ef00000)]
  0x000001844e486270 JavaThread "Unconstrained build operations Thread 62" [_thread_blocked, id=53984, stack(0x000000652ef00000,0x000000652f000000)]
  0x000001844e4876b0 JavaThread "Unconstrained build operations Thread 63" [_thread_blocked, id=3296, stack(0x000000652f000000,0x000000652f100000)]
  0x0000018435999d60 JavaThread "ForkJoinPool.commonPool-worker-16" daemon [_thread_blocked, id=29384, stack(0x000000652c500000,0x000000652c600000)]
  0x000001842532f9a0 JavaThread "included builds" [_thread_blocked, id=32852, stack(0x000000652f100000,0x000000652f200000)]
  0x000001842532ef80 JavaThread "included builds Thread 2" [_thread_blocked, id=27224, stack(0x000000652f200000,0x000000652f300000)]
  0x0000018444fefa90 JavaThread "Execution worker" [_thread_blocked, id=56728, stack(0x000000652f300000,0x000000652f400000)]
  0x0000018444ff09c0 JavaThread "Execution worker Thread 2" [_thread_blocked, id=48436, stack(0x000000652f400000,0x000000652f500000)]
  0x0000018444ff04b0 JavaThread "Execution worker Thread 3" [_thread_blocked, id=35600, stack(0x000000652f500000,0x000000652f600000)]
  0x0000018444fef070 JavaThread "Execution worker Thread 4" [_thread_blocked, id=28504, stack(0x000000652f600000,0x000000652f700000)]
  0x0000018444feffa0 JavaThread "Execution worker Thread 5" [_thread_blocked, id=11252, stack(0x000000652f700000,0x000000652f800000)]
  0x00000184358b8550 JavaThread "Execution worker Thread 6" [_thread_blocked, id=52132, stack(0x000000652f800000,0x000000652f900000)]
  0x00000184358b8a60 JavaThread "Execution worker Thread 7" [_thread_blocked, id=35448, stack(0x000000652f900000,0x000000652fa00000)]
  0x000001842532d120 JavaThread "Cache worker for execution history cache (D:\nomad archives\photon\node_modules\@react-native\gradle-plugin\.gradle\9.3.1\executionHistory)" [_thread_blocked, id=26896, stack(0x000000652fa00000,0x000000652fb00000)]
  0x00000184358b8f70 JavaThread "Execution worker Thread 8" [_thread_blocked, id=53456, stack(0x000000652fb00000,0x000000652fc00000)]
  0x00000184358b9480 JavaThread "Execution worker Thread 9" [_thread_blocked, id=47928, stack(0x000000652fc00000,0x000000652fd00000)]
  0x000001844527a570 JavaThread "Cache worker for execution history cache (D:\nomad archives\photon\node_modules\expo-modules-autolinking\android\expo-gradle-plugin\.gradle\9.3.1\executionHistory)" [_thread_blocked, id=50252, stack(0x000000652fd00000,0x000000652fe00000)]
  0x00000184358b5cd0 JavaThread "Execution worker Thread 10" [_thread_blocked, id=56540, stack(0x000000652fe00000,0x000000652ff00000)]
  0x00000184358b61e0 JavaThread "Execution worker Thread 11" [_thread_blocked, id=55124, stack(0x000000652ff00000,0x0000006530000000)]
  0x00000184358b7620 JavaThread "Execution worker Thread 12" [_thread_blocked, id=56920, stack(0x0000006530000000,0x0000006530100000)]
  0x00000184358b66f0 JavaThread "Execution worker Thread 13" [_thread_blocked, id=13688, stack(0x0000006530100000,0x0000006530200000)]
  0x00000184358b7110 JavaThread "Execution worker Thread 14" [_thread_blocked, id=26016, stack(0x0000006530200000,0x0000006530300000)]
  0x000001847d7483b0 JavaThread "Execution worker Thread 15" [_thread_blocked, id=38368, stack(0x0000006530300000,0x0000006530400000)]
  0x0000018443919cc0 JavaThread "Unconstrained build operations Thread 64" [_thread_blocked, id=23816, stack(0x0000006530400000,0x0000006530500000)]
  0x0000018444ebb890 JavaThread "Unconstrained build operations Thread 65" [_thread_blocked, id=39716, stack(0x0000006530500000,0x0000006530600000)]
  0x0000018444ebe110 JavaThread "Unconstrained build operations Thread 66" [_thread_blocked, id=57232, stack(0x0000006530600000,0x0000006530700000)]
  0x0000018445277cf0 JavaThread "Unconstrained build operations Thread 67" [_thread_blocked, id=44288, stack(0x0000006530700000,0x0000006530800000)]
  0x0000018444ebc2b0 JavaThread "Unconstrained build operations Thread 68" [_thread_blocked, id=53912, stack(0x0000006530800000,0x0000006530900000)]
  0x000001844527aa80 JavaThread "Unconstrained build operations Thread 69" [_thread_blocked, id=24884, stack(0x0000006530900000,0x0000006530a00000)]
  0x0000018444ebae70 JavaThread "Unconstrained build operations Thread 70" [_thread_blocked, id=40520, stack(0x0000006530a00000,0x0000006530b00000)]
  0x0000018445278c20 JavaThread "Unconstrained build operations Thread 71" [_thread_blocked, id=54400, stack(0x0000006530b00000,0x0000006530c00000)]
  0x0000018444eba960 JavaThread "Unconstrained build operations Thread 72" [_thread_blocked, id=20492, stack(0x0000006531200000,0x0000006531300000)]
  0x0000018444ebb380 JavaThread "Unconstrained build operations Thread 73" [_thread_blocked, id=48640, stack(0x0000006531300000,0x0000006531400000)]
  0x0000018444ebc7c0 JavaThread "Unconstrained build operations Thread 74" [_thread_blocked, id=40180, stack(0x0000006531a00000,0x0000006531b00000)]
  0x0000018444ebccd0 JavaThread "Unconstrained build operations Thread 75" [_thread_blocked, id=49520, stack(0x0000006531b00000,0x0000006531c00000)]
  0x000001844f573fe0 JavaThread "Unconstrained build operations Thread 76" [_thread_blocked, id=50996, stack(0x0000006531c00000,0x0000006531d00000)]
  0x000001844f577280 JavaThread "Unconstrained build operations Thread 77" [_thread_blocked, id=24252, stack(0x0000006531d00000,0x0000006531e00000)]
  0x000001844f575e40 JavaThread "Unconstrained build operations Thread 78" [_thread_blocked, id=19360, stack(0x0000006531e00000,0x0000006531f00000)]
  0x000001842532feb0 JavaThread "Unconstrained build operations Thread 79" [_thread_blocked, id=45896, stack(0x0000006531f00000,0x0000006532000000)]
  0x000001844f576d70 JavaThread "Unconstrained build operations Thread 80" [_thread_blocked, id=29540, stack(0x0000006532000000,0x0000006532100000)]
  0x000001842532cc10 JavaThread "Unconstrained build operations Thread 81" [_thread_blocked, id=44620, stack(0x0000006532100000,0x0000006532200000)]
  0x000001844f5744f0 JavaThread "Unconstrained build operations Thread 82" [_thread_blocked, id=7944, stack(0x0000006532200000,0x0000006532300000)]
  0x000001842532c700 JavaThread "Unconstrained build operations Thread 83" [_thread_blocked, id=5932, stack(0x0000006532300000,0x0000006532400000)]
  0x000001844f575930 JavaThread "Unconstrained build operations Thread 84" [_thread_blocked, id=31944, stack(0x0000006532400000,0x0000006532500000)]
  0x000001842532d630 JavaThread "Unconstrained build operations Thread 85" [_thread_blocked, id=18740, stack(0x0000006532500000,0x0000006532600000)]
  0x000001844f576860 JavaThread "Unconstrained build operations Thread 86" [_thread_blocked, id=56988, stack(0x0000006532600000,0x0000006532700000)]
  0x000001842532db40 JavaThread "Unconstrained build operations Thread 87" [_thread_blocked, id=35284, stack(0x0000006532700000,0x0000006532800000)]
  0x000001844f574a00 JavaThread "Unconstrained build operations Thread 88" [_thread_blocked, id=39116, stack(0x0000006532800000,0x0000006532900000)]
  0x000001842532e050 JavaThread "Unconstrained build operations Thread 89" [_thread_blocked, id=54532, stack(0x0000006532900000,0x0000006532a00000)]
  0x000001844f574f10 JavaThread "Unconstrained build operations Thread 90" [_thread_blocked, id=49780, stack(0x0000006532a00000,0x0000006532b00000)]
  0x000001842532e560 JavaThread "Unconstrained build operations Thread 91" [_thread_blocked, id=56424, stack(0x0000006532b00000,0x0000006532c00000)]
  0x000001844f575420 JavaThread "Unconstrained build operations Thread 92" [_thread_blocked, id=27448, stack(0x0000006532c00000,0x0000006532d00000)]
  0x000001842532ea70 JavaThread "Unconstrained build operations Thread 93" [_thread_blocked, id=34732, stack(0x0000006532d00000,0x0000006532e00000)]
  0x0000018444e28320 JavaThread "Unconstrained build operations Thread 94" [_thread_blocked, id=25248, stack(0x0000006532e00000,0x0000006532f00000)]
  0x0000018444e269d0 JavaThread "Unconstrained build operations Thread 95" [_thread_blocked, id=47588, stack(0x0000006532f00000,0x0000006533000000)]
  0x0000018444e26ee0 JavaThread "Unconstrained build operations Thread 96" [_thread_blocked, id=42596, stack(0x0000006533000000,0x0000006533100000)]
  0x000001844edd74e0 JavaThread "Unconstrained build operations Thread 97" [_thread_blocked, id=50864, stack(0x0000006533200000,0x0000006533300000)]
  0x0000018443916870 JavaThread "Unconstrained build operations Thread 98" [_thread_blocked, id=55000, stack(0x0000006533300000,0x0000006533400000)]
  0x0000018443916d80 JavaThread "Unconstrained build operations Thread 99" [_thread_blocked, id=46156, stack(0x0000006533400000,0x0000006533500000)]
  0x0000018445279130 JavaThread "Unconstrained build operations Thread 100" [_thread_blocked, id=10312, stack(0x0000006533500000,0x0000006533600000)]
  0x0000018445279640 JavaThread "Unconstrained build operations Thread 101" [_thread_blocked, id=6972, stack(0x0000006533600000,0x0000006533700000)]
  0x000001844527a060 JavaThread "Unconstrained build operations Thread 102" [_thread_blocked, id=50240, stack(0x0000006533700000,0x0000006533800000)]
  0x0000018445278200 JavaThread "Unconstrained build operations Thread 103" [_thread_blocked, id=46584, stack(0x0000006533800000,0x0000006533900000)]
  0x0000018445279b50 JavaThread "Unconstrained build operations Thread 104" [_thread_blocked, id=34608, stack(0x0000006533900000,0x0000006533a00000)]
  0x00000184452777e0 JavaThread "Unconstrained build operations Thread 105" [_thread_blocked, id=52268, stack(0x0000006533a00000,0x0000006533b00000)]
  0x0000018445278710 JavaThread "Unconstrained build operations Thread 106" [_thread_blocked, id=21672, stack(0x0000006533b00000,0x0000006533c00000)]
  0x00000184452772d0 JavaThread "Unconstrained build operations Thread 107" [_thread_blocked, id=12864, stack(0x0000006533c00000,0x0000006533d00000)]
  0x00000184454545d0 JavaThread "Unconstrained build operations Thread 108" [_thread_blocked, id=43120, stack(0x0000006533d00000,0x0000006533e00000)]
  0x0000018445456430 JavaThread "Unconstrained build operations Thread 109" [_thread_blocked, id=37428, stack(0x0000006533e00000,0x0000006533f00000)]
  0x0000018445456e50 JavaThread "Unconstrained build operations Thread 110" [_thread_blocked, id=32032, stack(0x0000006533f00000,0x0000006534000000)]
  0x0000018445455f20 JavaThread "Unconstrained build operations Thread 111" [_thread_blocked, id=9992, stack(0x0000006534000000,0x0000006534100000)]
  0x0000018445455500 JavaThread "Unconstrained build operations Thread 112" [_thread_blocked, id=56256, stack(0x0000006534100000,0x0000006534200000)]
  0x0000018445454ae0 JavaThread "Unconstrained build operations Thread 113" [_thread_blocked, id=28328, stack(0x0000006534200000,0x0000006534300000)]
  0x00000184454540c0 JavaThread "Unconstrained build operations Thread 114" [_thread_blocked, id=19544, stack(0x0000006534300000,0x0000006534400000)]
  0x0000018445456940 JavaThread "Unconstrained build operations Thread 115" [_thread_blocked, id=34000, stack(0x0000006534400000,0x0000006534500000)]
  0x0000018445453bb0 JavaThread "Unconstrained build operations Thread 116" [_thread_blocked, id=22364, stack(0x0000006534500000,0x0000006534600000)]
  0x00000184454536a0 JavaThread "Unconstrained build operations Thread 117" [_thread_blocked, id=18088, stack(0x0000006534600000,0x0000006534700000)]
  0x0000018445454ff0 JavaThread "Unconstrained build operations Thread 118" [_thread_blocked, id=44092, stack(0x0000006534700000,0x0000006534800000)]
  0x0000018445455a10 JavaThread "Unconstrained build operations Thread 119" [_thread_blocked, id=22756, stack(0x0000006534800000,0x0000006534900000)]
  0x000001844d7055f0 JavaThread "Unconstrained build operations Thread 120" [_thread_blocked, id=6276, stack(0x0000006534900000,0x0000006534a00000)]
  0x000001844d706010 JavaThread "Unconstrained build operations Thread 121" [_thread_blocked, id=52516, stack(0x0000006534a00000,0x0000006534b00000)]
  0x000001844d705b00 JavaThread "Unconstrained build operations Thread 122" [_thread_blocked, id=12860, stack(0x0000006534b00000,0x0000006534c00000)]
  0x000001844d707450 JavaThread "Unconstrained build operations Thread 123" [_thread_blocked, id=53756, stack(0x0000006534c00000,0x0000006534d00000)]
  0x000001844d706520 JavaThread "Unconstrained build operations Thread 124" [_thread_blocked, id=51024, stack(0x0000006534d00000,0x0000006534e00000)]
  0x000001844d706a30 JavaThread "Unconstrained build operations Thread 125" [_thread_blocked, id=42332, stack(0x0000006535000000,0x0000006535100000)]
  0x000001844d7050e0 JavaThread "Unconstrained build operations Thread 126" [_thread_blocked, id=30452, stack(0x0000006535100000,0x0000006535200000)]
  0x000001844d707e70 JavaThread "Unconstrained build operations Thread 127" [_thread_blocked, id=26824, stack(0x0000006535200000,0x0000006535300000)]
  0x000001844d706f40 JavaThread "Unconstrained build operations Thread 128" [_thread_blocked, id=27564, stack(0x0000006535300000,0x0000006535400000)]
  0x000001844d707960 JavaThread "Unconstrained build operations Thread 129" [_thread_blocked, id=49836, stack(0x0000006535400000,0x0000006535500000)]
  0x000001844d708380 JavaThread "Unconstrained build operations Thread 130" [_thread_blocked, id=15152, stack(0x0000006535500000,0x0000006535600000)]
  0x000001844d704bd0 JavaThread "Unconstrained build operations Thread 131" [_thread_blocked, id=51952, stack(0x0000006535600000,0x0000006535700000)]
  0x000001844396abd0 JavaThread "Unconstrained build operations Thread 132" [_thread_blocked, id=13128, stack(0x0000006535700000,0x0000006535800000)]
  0x000001844396b0e0 JavaThread "Unconstrained build operations Thread 133" [_thread_blocked, id=35300, stack(0x0000006535800000,0x0000006535900000)]
  0x000001844396d960 JavaThread "Cache worker for Build Output Cleanup Cache (D:\nomad archives\photon\node_modules\expo-modules-core\expo-module-gradle-plugin\.gradle\buildOutputCleanup)" [_thread_blocked, id=29180, stack(0x000000652c300000,0x000000652c400000)]
  0x000001844396b5f0 JavaThread "Unconstrained build operations Thread 134" [_thread_blocked, id=28352, stack(0x0000006535a00000,0x0000006535b00000)]
  0x000001844396c520 JavaThread "Unconstrained build operations Thread 135" [_thread_blocked, id=42096, stack(0x0000006535b00000,0x0000006535c00000)]
  0x000001844396bb00 JavaThread "Unconstrained build operations Thread 136" [_thread_blocked, id=46032, stack(0x0000006535c00000,0x0000006535d00000)]
  0x000001844396c010 JavaThread "Unconstrained build operations Thread 137" [_thread_blocked, id=8476, stack(0x0000006535d00000,0x0000006535e00000)]
  0x000001844396d450 JavaThread "Unconstrained build operations Thread 138" [_thread_blocked, id=56220, stack(0x0000006535e00000,0x0000006535f00000)]
  0x000001844396de70 JavaThread "Unconstrained build operations Thread 139" [_thread_blocked, id=27136, stack(0x0000006535f00000,0x0000006536000000)]
  0x000001844396ca30 JavaThread "Unconstrained build operations Thread 140" [_thread_blocked, id=24672, stack(0x0000006536000000,0x0000006536100000)]
  0x0000018433d835a0 JavaThread "Unconstrained build operations Thread 141" [_thread_blocked, id=54340, stack(0x0000006536100000,0x0000006536200000)]
  0x0000018433d849e0 JavaThread "Unconstrained build operations Thread 142" [_thread_blocked, id=27108, stack(0x0000006536200000,0x0000006536300000)]
  0x0000018433d83090 JavaThread "Unconstrained build operations Thread 143" [_thread_blocked, id=55120, stack(0x0000006536300000,0x0000006536400000)]
  0x0000018433d83ab0 JavaThread "Unconstrained build operations Thread 144" [_thread_blocked, id=56096, stack(0x0000006536400000,0x0000006536500000)]
  0x0000018433d844d0 JavaThread "Unconstrained build operations Thread 145" [_thread_blocked, id=52504, stack(0x0000006536500000,0x0000006536600000)]
  0x0000018433fc7b90 JavaThread "Unconstrained build operations Thread 146" [_thread_blocked, id=44936, stack(0x0000006536600000,0x0000006536700000)]
  0x0000018433fc80a0 JavaThread "Unconstrained build operations Thread 147" [_thread_blocked, id=54456, stack(0x0000006536700000,0x0000006536800000)]
  0x0000018433fc5310 JavaThread "Unconstrained build operations Thread 148" [_thread_blocked, id=41552, stack(0x0000006536800000,0x0000006536900000)]
  0x00000184445b00f0 JavaThread "Unconstrained build operations Thread 149" [_thread_blocked, id=56528, stack(0x0000006536900000,0x0000006536a00000)]
  0x00000184445ae290 JavaThread "Unconstrained build operations Thread 150" [_thread_blocked, id=51296, stack(0x0000006536a00000,0x0000006536b00000)]
  0x00000184445b0600 JavaThread "Unconstrained build operations Thread 151" [_thread_blocked, id=33992, stack(0x0000006536b00000,0x0000006536c00000)]
  0x00000184445ae7a0 JavaThread "Unconstrained build operations Thread 152" [_thread_blocked, id=33972, stack(0x0000006536c00000,0x0000006536d00000)]
  0x00000184445b0b10 JavaThread "Unconstrained build operations Thread 153" [_thread_blocked, id=46564, stack(0x0000006536d00000,0x0000006536e00000)]
  0x00000184445add80 JavaThread "Unconstrained build operations Thread 154" [_thread_blocked, id=22260, stack(0x0000006536e00000,0x0000006536f00000)]
  0x00000184445af6d0 JavaThread "Unconstrained build operations Thread 155" [_thread_blocked, id=34232, stack(0x0000006536f00000,0x0000006537000000)]
  0x00000184445aecb0 JavaThread "Unconstrained build operations Thread 156" [_thread_blocked, id=48100, stack(0x0000006537000000,0x0000006537100000)]
  0x00000184445afbe0 JavaThread "Unconstrained build operations Thread 157" [_thread_blocked, id=18804, stack(0x0000006537100000,0x0000006537200000)]
  0x000001841fcd8c00 JavaThread "Unconstrained build operations Thread 158" [_thread_blocked, id=12512, stack(0x0000006537200000,0x0000006537300000)]
  0x000001841fcd7cd0 JavaThread "Unconstrained build operations Thread 159" [_thread_blocked, id=27388, stack(0x0000006537300000,0x0000006537400000)]
  0x000001841fcd9110 JavaThread "Unconstrained build operations Thread 160" [_thread_blocked, id=55536, stack(0x0000006537400000,0x0000006537500000)]
  0x0000018435c04430 JavaThread "build event listener" [_thread_blocked, id=8800, stack(0x0000006537500000,0x0000006537600000)]
  0x0000018427161250 JavaThread "included builds Thread 3" [_thread_blocked, id=47624, stack(0x0000006537600000,0x0000006537700000)]
  0x0000018444ebd1e0 JavaThread "Cache worker for execution history cache (D:\nomad archives\photon\node_modules\expo-modules-core\expo-module-gradle-plugin\.gradle\9.3.1\executionHistory)" [_thread_blocked, id=40732, stack(0x0000006537700000,0x0000006537800000)]
  0x000001844396cf40 JavaThread "build event listener" [_thread_blocked, id=48492, stack(0x0000006537800000,0x0000006537900000)]
  0x0000018433ecd6a0 JavaThread "C2 CompilerThread1" daemon [_thread_blocked, id=17988, stack(0x000000652c900000,0x000000652ca00000)]

Other Threads:
  0x000001847d7dc540 VMThread "VM Thread" [stack: 0x0000006525700000,0x0000006525800000] [id=49516]
  0x000001845f412d00 WatcherThread [stack: 0x0000006526700000,0x0000006526800000] [id=55308]
  0x000001845f471940 GCTaskThread "GC Thread#0" [stack: 0x0000006525200000,0x0000006525300000] [id=46208]
  0x000001847ea7a570 GCTaskThread "GC Thread#1" [stack: 0x0000006526a00000,0x0000006526b00000] [id=28128]
  0x000001847ec10b10 GCTaskThread "GC Thread#2" [stack: 0x0000006526b00000,0x0000006526c00000] [id=55480]
  0x000001847ec10de0 GCTaskThread "GC Thread#3" [stack: 0x0000006526c00000,0x0000006526d00000] [id=38624]
  0x000001847ec11920 GCTaskThread "GC Thread#4" [stack: 0x0000006526d00000,0x0000006526e00000] [id=40844]
  0x000001847ec110b0 GCTaskThread "GC Thread#5" [stack: 0x0000006526e00000,0x0000006526f00000] [id=42140]
  0x00000184217af230 GCTaskThread "GC Thread#6" [stack: 0x0000006527a00000,0x0000006527b00000] [id=48924]
  0x00000184217af7d0 GCTaskThread "GC Thread#7" [stack: 0x0000006527b00000,0x0000006527c00000] [id=26576]
  0x00000184217acad0 GCTaskThread "GC Thread#8" [stack: 0x0000006527c00000,0x0000006527d00000] [id=36156]
  0x00000184217acda0 GCTaskThread "GC Thread#9" [stack: 0x0000006527d00000,0x0000006527e00000] [id=56872]
  0x00000184217afaa0 GCTaskThread "GC Thread#10" [stack: 0x0000006527e00000,0x0000006527f00000] [id=51732]
  0x00000184217abf90 GCTaskThread "GC Thread#11" [stack: 0x0000006527f00000,0x0000006528000000] [id=33596]
  0x00000184217ad070 GCTaskThread "GC Thread#12" [stack: 0x0000006528000000,0x0000006528100000] [id=14920]
  0x000001845f483c20 ConcurrentGCThread "G1 Main Marker" [stack: 0x0000006525300000,0x0000006525400000] [id=2224]
  0x000001845f485e70 ConcurrentGCThread "G1 Conc#0" [stack: 0x0000006525400000,0x0000006525500000] [id=12348]
  0x00000184217ad340 ConcurrentGCThread "G1 Conc#1" [stack: 0x0000006528100000,0x0000006528200000] [id=17944]
=>0x00000184217ac260 ConcurrentGCThread "G1 Conc#2" [stack: 0x0000006528200000,0x0000006528300000] [id=31256]
  0x000001845f4bdc60 ConcurrentGCThread "G1 Refine#0" [stack: 0x0000006525500000,0x0000006525600000] [id=48916]
  0x00000184219c08f0 ConcurrentGCThread "G1 Refine#1" [stack: 0x000000652a000000,0x000000652a100000] [id=11288]
  0x00000184219c1df0 ConcurrentGCThread "G1 Refine#2" [stack: 0x000000652a100000,0x000000652a200000] [id=20000]
  0x00000184219c0bf0 ConcurrentGCThread "G1 Refine#3" [stack: 0x000000652a200000,0x000000652a300000] [id=32964]
  0x00000184219c11f0 ConcurrentGCThread "G1 Refine#4" [stack: 0x000000652a300000,0x000000652a400000] [id=22192]
  0x00000184219be4f0 ConcurrentGCThread "G1 Refine#5" [stack: 0x000000652a400000,0x000000652a500000] [id=15568]
  0x00000184219bf9f0 ConcurrentGCThread "G1 Refine#6" [stack: 0x000000652a500000,0x000000652a600000] [id=25356]
  0x0000018422f62610 ConcurrentGCThread "G1 Refine#7" [stack: 0x000000652db00000,0x000000652dc00000] [id=55560]
  0x000001841f8f8c60 ConcurrentGCThread "G1 Refine#8" [stack: 0x000000652dc00000,0x000000652dd00000] [id=38420]
  0x000001841f936ee0 ConcurrentGCThread "G1 Refine#9" [stack: 0x000000652dd00000,0x000000652de00000] [id=45524]
  0x000001847ec67140 ConcurrentGCThread "G1 Refine#10" [stack: 0x000000652de00000,0x000000652df00000] [id=22124]
  0x0000018426cad790 ConcurrentGCThread "G1 Refine#11" [stack: 0x000000652e300000,0x000000652e400000] [id=46840]
  0x0000018425e8dc80 ConcurrentGCThread "G1 Refine#12" [stack: 0x000000652e000000,0x000000652e100000] [id=32900]
  0x000001845f4bdf60 ConcurrentGCThread "G1 Service" [stack: 0x0000006525600000,0x0000006525700000] [id=49928]

Threads with active compile tasks:

VM state: not at safepoint (normal execution)

VM Mutex/Monitor currently owned by a thread: None

Heap address: 0x0000000080000000, size: 2048 MB, Compressed Oops mode: 32-bit

CDS archive(s) mapped at: [0x0000018400000000-0x0000018400bb0000-0x0000018400bb0000), size 12255232, SharedBaseAddress: 0x0000018400000000, ArchiveRelocationMode: 1.
Compressed class space mapped at: 0x0000018401000000-0x000001841b000000, reserved size: 436207616
Narrow klass base: 0x0000018400000000, Narrow klass shift: 0, Narrow klass range: 0x100000000

GC Precious Log:
 CPUs: 16 total, 16 available
 Memory: 16052M
 Large Page Support: Disabled
 NUMA Support: Disabled
 Compressed Oops: Enabled (32-bit)
 Heap Region Size: 1M
 Heap Min Capacity: 8M
 Heap Initial Capacity: 252M
 Heap Max Capacity: 2G
 Pre-touch: Disabled
 Parallel Workers: 13
 Concurrent Workers: 3
 Concurrent Refinement Workers: 13
 Periodic GC: Disabled

Heap:
 garbage-first heap   total 636928K, used 569912K [0x0000000080000000, 0x0000000100000000)
  region size 1024K, 13 young (13312K), 4 survivors (4096K)
 Metaspace       used 241125K, committed 244160K, reserved 688128K
  class space    used 30043K, committed 31488K, reserved 425984K

Heap Regions: E=young(eden), S=young(survivor), O=old, HS=humongous(starts), HC=humongous(continues), CS=collection set, F=free, OA=open archive, CA=closed archive, TAMS=top-at-mark-start (previous, next)
|   0|0x0000000080000000, 0x0000000080100000, 0x0000000080100000|100%|HS|  |TAMS 0x0000000080100000, 0x0000000080100000| Complete 
|   1|0x0000000080100000, 0x0000000080200000, 0x0000000080200000|100%|HC|  |TAMS 0x0000000080200000, 0x0000000080200000| Complete 
|   2|0x0000000080200000, 0x0000000080300000, 0x0000000080300000|100%|HC|  |TAMS 0x0000000080300000, 0x0000000080300000| Complete 
|   3|0x0000000080300000, 0x0000000080400000, 0x0000000080400000|100%|HC|  |TAMS 0x0000000080400000, 0x0000000080400000| Complete 
|   4|0x0000000080400000, 0x0000000080500000, 0x0000000080500000|100%| O|  |TAMS 0x0000000080500000, 0x0000000080500000| Untracked 
|   5|0x0000000080500000, 0x0000000080600000, 0x0000000080600000|100%| O|  |TAMS 0x0000000080600000, 0x0000000080600000| Untracked 
|   6|0x0000000080600000, 0x0000000080700000, 0x0000000080700000|100%| O|  |TAMS 0x0000000080700000, 0x0000000080700000| Untracked 
|   7|0x0000000080700000, 0x0000000080800000, 0x0000000080800000|100%|HS|  |TAMS 0x0000000080800000, 0x0000000080800000| Complete 
|   8|0x0000000080800000, 0x0000000080900000, 0x0000000080900000|100%| O|  |TAMS 0x0000000080900000, 0x0000000080900000| Untracked 
|   9|0x0000000080900000, 0x0000000080a00000, 0x0000000080a00000|100%| O|  |TAMS 0x0000000080a00000, 0x0000000080a00000| Untracked 
|  10|0x0000000080a00000, 0x0000000080b00000, 0x0000000080b00000|100%| O|  |TAMS 0x0000000080b00000, 0x0000000080b00000| Untracked 
|  11|0x0000000080b00000, 0x0000000080c00000, 0x0000000080c00000|100%| O|  |TAMS 0x0000000080c00000, 0x0000000080c00000| Untracked 
|  12|0x0000000080c00000, 0x0000000080d00000, 0x0000000080d00000|100%| O|  |TAMS 0x0000000080d00000, 0x0000000080d00000| Untracked 
|  13|0x0000000080d00000, 0x0000000080e00000, 0x0000000080e00000|100%| O|  |TAMS 0x0000000080e00000, 0x0000000080e00000| Untracked 
|  14|0x0000000080e00000, 0x0000000080f00000, 0x0000000080f00000|100%| O|  |TAMS 0x0000000080f00000, 0x0000000080f00000| Untracked 
|  15|0x0000000080f00000, 0x0000000081000000, 0x0000000081000000|100%| O|  |TAMS 0x0000000081000000, 0x0000000081000000| Untracked 
|  16|0x0000000081000000, 0x0000000081100000, 0x0000000081100000|100%| O|  |TAMS 0x0000000081100000, 0x0000000081100000| Untracked 
|  17|0x0000000081100000, 0x0000000081200000, 0x0000000081200000|100%| O|  |TAMS 0x0000000081200000, 0x0000000081200000| Untracked 
|  18|0x0000000081200000, 0x0000000081300000, 0x0000000081300000|100%| O|  |TAMS 0x0000000081300000, 0x0000000081300000| Untracked 
|  19|0x0000000081300000, 0x0000000081400000, 0x0000000081400000|100%| O|  |TAMS 0x0000000081400000, 0x0000000081400000| Untracked 
|  20|0x0000000081400000, 0x0000000081500000, 0x0000000081500000|100%| O|  |TAMS 0x0000000081500000, 0x0000000081500000| Untracked 
|  21|0x0000000081500000, 0x0000000081600000, 0x0000000081600000|100%| O|  |TAMS 0x0000000081600000, 0x0000000081600000| Untracked 
|  22|0x0000000081600000, 0x0000000081700000, 0x0000000081700000|100%| O|  |TAMS 0x0000000081700000, 0x0000000081700000| Untracked 
|  23|0x0000000081700000, 0x0000000081800000, 0x0000000081800000|100%| O|  |TAMS 0x0000000081800000, 0x0000000081800000| Untracked 
|  24|0x0000000081800000, 0x0000000081900000, 0x0000000081900000|100%| O|  |TAMS 0x0000000081900000, 0x0000000081900000| Untracked 
|  25|0x0000000081900000, 0x0000000081a00000, 0x0000000081a00000|100%| O|  |TAMS 0x0000000081a00000, 0x0000000081a00000| Untracked 
|  26|0x0000000081a00000, 0x0000000081b00000, 0x0000000081b00000|100%| O|  |TAMS 0x0000000081b00000, 0x0000000081b00000| Untracked 
|  27|0x0000000081b00000, 0x0000000081c00000, 0x0000000081c00000|100%| O|  |TAMS 0x0000000081c00000, 0x0000000081c00000| Untracked 
|  28|0x0000000081c00000, 0x0000000081d00000, 0x0000000081d00000|100%| O|  |TAMS 0x0000000081d00000, 0x0000000081d00000| Untracked 
|  29|0x0000000081d00000, 0x0000000081e00000, 0x0000000081e00000|100%| O|  |TAMS 0x0000000081e00000, 0x0000000081e00000| Untracked 
|  30|0x0000000081e00000, 0x0000000081f00000, 0x0000000081f00000|100%| O|  |TAMS 0x0000000081f00000, 0x0000000081f00000| Untracked 
|  31|0x0000000081f00000, 0x0000000082000000, 0x0000000082000000|100%| O|  |TAMS 0x0000000082000000, 0x0000000082000000| Untracked 
|  32|0x0000000082000000, 0x0000000082100000, 0x0000000082100000|100%| O|  |TAMS 0x0000000082100000, 0x0000000082100000| Untracked 
|  33|0x0000000082100000, 0x0000000082200000, 0x0000000082200000|100%| O|  |TAMS 0x0000000082200000, 0x0000000082200000| Untracked 
|  34|0x0000000082200000, 0x0000000082300000, 0x0000000082300000|100%| O|  |TAMS 0x0000000082300000, 0x0000000082300000| Untracked 
|  35|0x0000000082300000, 0x0000000082400000, 0x0000000082400000|100%| O|  |TAMS 0x0000000082400000, 0x0000000082400000| Untracked 
|  36|0x0000000082400000, 0x0000000082500000, 0x0000000082500000|100%| O|  |TAMS 0x0000000082500000, 0x0000000082500000| Untracked 
|  37|0x0000000082500000, 0x00000000825ffff8, 0x0000000082600000| 99%| O|  |TAMS 0x00000000825ffff8, 0x00000000825ffff8| Untracked 
|  38|0x0000000082600000, 0x0000000082700000, 0x0000000082700000|100%| O|  |TAMS 0x0000000082700000, 0x0000000082700000| Untracked 
|  39|0x0000000082700000, 0x0000000082800000, 0x0000000082800000|100%| O|  |TAMS 0x0000000082800000, 0x0000000082800000| Untracked 
|  40|0x0000000082800000, 0x0000000082900000, 0x0000000082900000|100%| O|  |TAMS 0x0000000082900000, 0x0000000082900000| Untracked 
|  41|0x0000000082900000, 0x0000000082a00000, 0x0000000082a00000|100%|HS|  |TAMS 0x0000000082a00000, 0x0000000082a00000| Complete 
|  42|0x0000000082a00000, 0x0000000082b00000, 0x0000000082b00000|100%| O|  |TAMS 0x0000000082b00000, 0x0000000082b00000| Untracked 
|  43|0x0000000082b00000, 0x0000000082c00000, 0x0000000082c00000|100%| O|  |TAMS 0x0000000082c00000, 0x0000000082c00000| Untracked 
|  44|0x0000000082c00000, 0x0000000082d00000, 0x0000000082d00000|100%| O|  |TAMS 0x0000000082d00000, 0x0000000082d00000| Untracked 
|  45|0x0000000082d00000, 0x0000000082e00000, 0x0000000082e00000|100%| O|  |TAMS 0x0000000082e00000, 0x0000000082e00000| Untracked 
|  46|0x0000000082e00000, 0x0000000082f00000, 0x0000000082f00000|100%| O|  |TAMS 0x0000000082f00000, 0x0000000082f00000| Untracked 
|  47|0x0000000082f00000, 0x0000000083000000, 0x0000000083000000|100%| O|  |TAMS 0x0000000083000000, 0x0000000083000000| Untracked 
|  48|0x0000000083000000, 0x0000000083100000, 0x0000000083100000|100%| O|  |TAMS 0x0000000083100000, 0x0000000083100000| Untracked 
|  49|0x0000000083100000, 0x0000000083200000, 0x0000000083200000|100%| O|  |TAMS 0x0000000083200000, 0x0000000083200000| Untracked 
|  50|0x0000000083200000, 0x0000000083300000, 0x0000000083300000|100%| O|  |TAMS 0x0000000083300000, 0x0000000083300000| Untracked 
|  51|0x0000000083300000, 0x0000000083400000, 0x0000000083400000|100%| O|  |TAMS 0x0000000083400000, 0x0000000083400000| Untracked 
|  52|0x0000000083400000, 0x0000000083500000, 0x0000000083500000|100%| O|  |TAMS 0x0000000083500000, 0x0000000083500000| Untracked 
|  53|0x0000000083500000, 0x0000000083600000, 0x0000000083600000|100%| O|  |TAMS 0x0000000083600000, 0x0000000083600000| Untracked 
|  54|0x0000000083600000, 0x0000000083700000, 0x0000000083700000|100%| O|  |TAMS 0x0000000083700000, 0x0000000083700000| Untracked 
|  55|0x0000000083700000, 0x0000000083800000, 0x0000000083800000|100%| O|  |TAMS 0x0000000083800000, 0x0000000083800000| Untracked 
|  56|0x0000000083800000, 0x0000000083900000, 0x0000000083900000|100%|HS|  |TAMS 0x0000000083900000, 0x0000000083900000| Complete 
|  57|0x0000000083900000, 0x0000000083a00000, 0x0000000083a00000|100%|HC|  |TAMS 0x0000000083a00000, 0x0000000083a00000| Complete 
|  58|0x0000000083a00000, 0x0000000083b00000, 0x0000000083b00000|100%|HC|  |TAMS 0x0000000083b00000, 0x0000000083b00000| Complete 
|  59|0x0000000083b00000, 0x0000000083c00000, 0x0000000083c00000|100%|HS|  |TAMS 0x0000000083c00000, 0x0000000083c00000| Complete 
|  60|0x0000000083c00000, 0x0000000083d00000, 0x0000000083d00000|100%|HC|  |TAMS 0x0000000083d00000, 0x0000000083d00000| Complete 
|  61|0x0000000083d00000, 0x0000000083e00000, 0x0000000083e00000|100%|HC|  |TAMS 0x0000000083e00000, 0x0000000083e00000| Complete 
|  62|0x0000000083e00000, 0x0000000083f00000, 0x0000000083f00000|100%| O|  |TAMS 0x0000000083f00000, 0x0000000083f00000| Untracked 
|  63|0x0000000083f00000, 0x0000000084000000, 0x0000000084000000|100%| O|  |TAMS 0x0000000084000000, 0x0000000084000000| Untracked 
|  64|0x0000000084000000, 0x0000000084100000, 0x0000000084100000|100%| O|  |TAMS 0x0000000084100000, 0x0000000084100000| Untracked 
|  65|0x0000000084100000, 0x0000000084200000, 0x0000000084200000|100%| O|  |TAMS 0x0000000084200000, 0x0000000084200000| Untracked 
|  66|0x0000000084200000, 0x0000000084300000, 0x0000000084300000|100%| O|  |TAMS 0x0000000084300000, 0x0000000084300000| Untracked 
|  67|0x0000000084300000, 0x0000000084400000, 0x0000000084400000|100%| O|  |TAMS 0x0000000084400000, 0x0000000084400000| Untracked 
|  68|0x0000000084400000, 0x0000000084500000, 0x0000000084500000|100%| O|  |TAMS 0x0000000084500000, 0x0000000084500000| Untracked 
|  69|0x0000000084500000, 0x0000000084600000, 0x0000000084600000|100%| O|  |TAMS 0x0000000084600000, 0x0000000084600000| Untracked 
|  70|0x0000000084600000, 0x0000000084700000, 0x0000000084700000|100%| O|  |TAMS 0x0000000084700000, 0x0000000084700000| Untracked 
|  71|0x0000000084700000, 0x0000000084800000, 0x0000000084800000|100%| O|  |TAMS 0x0000000084800000, 0x0000000084800000| Untracked 
|  72|0x0000000084800000, 0x0000000084900000, 0x0000000084900000|100%| O|  |TAMS 0x0000000084900000, 0x0000000084900000| Untracked 
|  73|0x0000000084900000, 0x0000000084a00000, 0x0000000084a00000|100%| O|  |TAMS 0x0000000084a00000, 0x0000000084a00000| Untracked 
|  74|0x0000000084a00000, 0x0000000084b00000, 0x0000000084b00000|100%| O|  |TAMS 0x0000000084b00000, 0x0000000084b00000| Untracked 
|  75|0x0000000084b00000, 0x0000000084c00000, 0x0000000084c00000|100%| O|  |TAMS 0x0000000084c00000, 0x0000000084c00000| Untracked 
|  76|0x0000000084c00000, 0x0000000084d00000, 0x0000000084d00000|100%| O|  |TAMS 0x0000000084d00000, 0x0000000084d00000| Untracked 
|  77|0x0000000084d00000, 0x0000000084e00000, 0x0000000084e00000|100%| O|  |TAMS 0x0000000084e00000, 0x0000000084e00000| Untracked 
|  78|0x0000000084e00000, 0x0000000084f00000, 0x0000000084f00000|100%| O|  |TAMS 0x0000000084f00000, 0x0000000084f00000| Untracked 
|  79|0x0000000084f00000, 0x0000000085000000, 0x0000000085000000|100%| O|  |TAMS 0x0000000085000000, 0x0000000085000000| Untracked 
|  80|0x0000000085000000, 0x0000000085100000, 0x0000000085100000|100%| O|  |TAMS 0x0000000085100000, 0x0000000085100000| Untracked 
|  81|0x0000000085100000, 0x0000000085200000, 0x0000000085200000|100%| O|  |TAMS 0x0000000085200000, 0x0000000085200000| Untracked 
|  82|0x0000000085200000, 0x0000000085300000, 0x0000000085300000|100%| O|  |TAMS 0x0000000085300000, 0x0000000085300000| Untracked 
|  83|0x0000000085300000, 0x0000000085400000, 0x0000000085400000|100%| O|  |TAMS 0x0000000085400000, 0x0000000085400000| Untracked 
|  84|0x0000000085400000, 0x0000000085500000, 0x0000000085500000|100%|HS|  |TAMS 0x0000000085500000, 0x0000000085500000| Complete 
|  85|0x0000000085500000, 0x0000000085600000, 0x0000000085600000|100%| O|  |TAMS 0x0000000085600000, 0x0000000085600000| Untracked 
|  86|0x0000000085600000, 0x0000000085700000, 0x0000000085700000|100%| O|  |TAMS 0x0000000085700000, 0x0000000085700000| Untracked 
|  87|0x0000000085700000, 0x0000000085800000, 0x0000000085800000|100%| O|  |TAMS 0x0000000085700000, 0x0000000085800000| Untracked 
|  88|0x0000000085800000, 0x0000000085900000, 0x0000000085900000|100%| O|  |TAMS 0x0000000085900000, 0x0000000085900000| Untracked 
|  89|0x0000000085900000, 0x0000000085a00000, 0x0000000085a00000|100%| O|  |TAMS 0x0000000085a00000, 0x0000000085a00000| Untracked 
|  90|0x0000000085a00000, 0x0000000085b00000, 0x0000000085b00000|100%|HS|  |TAMS 0x0000000085b00000, 0x0000000085b00000| Complete 
|  91|0x0000000085b00000, 0x0000000085c00000, 0x0000000085c00000|100%| O|  |TAMS 0x0000000085c00000, 0x0000000085c00000| Untracked 
|  92|0x0000000085c00000, 0x0000000085d00000, 0x0000000085d00000|100%| O|  |TAMS 0x0000000085d00000, 0x0000000085d00000| Untracked 
|  93|0x0000000085d00000, 0x0000000085e00000, 0x0000000085e00000|100%| O|  |TAMS 0x0000000085d00000, 0x0000000085e00000| Untracked 
|  94|0x0000000085e00000, 0x0000000085f00000, 0x0000000085f00000|100%|HS|  |TAMS 0x0000000085f00000, 0x0000000085f00000| Complete 
|  95|0x0000000085f00000, 0x0000000086000000, 0x0000000086000000|100%| O|  |TAMS 0x0000000086000000, 0x0000000086000000| Untracked 
|  96|0x0000000086000000, 0x0000000086100000, 0x0000000086100000|100%| O|  |TAMS 0x0000000086100000, 0x0000000086100000| Untracked 
|  97|0x0000000086100000, 0x0000000086200000, 0x0000000086200000|100%| O|  |TAMS 0x0000000086200000, 0x0000000086200000| Untracked 
|  98|0x0000000086200000, 0x0000000086300000, 0x0000000086300000|100%|HS|  |TAMS 0x0000000086300000, 0x0000000086300000| Complete 
|  99|0x0000000086300000, 0x0000000086400000, 0x0000000086400000|100%| O|  |TAMS 0x0000000086400000, 0x0000000086400000| Untracked 
| 100|0x0000000086400000, 0x0000000086500000, 0x0000000086500000|100%| O|  |TAMS 0x0000000086500000, 0x0000000086500000| Untracked 
| 101|0x0000000086500000, 0x0000000086600000, 0x0000000086600000|100%| O|  |TAMS 0x0000000086500000, 0x0000000086600000| Untracked 
| 102|0x0000000086600000, 0x0000000086700000, 0x0000000086700000|100%| O|  |TAMS 0x0000000086700000, 0x0000000086700000| Untracked 
| 103|0x0000000086700000, 0x0000000086800000, 0x0000000086800000|100%| O|  |TAMS 0x0000000086800000, 0x0000000086800000| Untracked 
| 104|0x0000000086800000, 0x0000000086900000, 0x0000000086900000|100%| O|  |TAMS 0x0000000086900000, 0x0000000086900000| Untracked 
| 105|0x0000000086900000, 0x0000000086a00000, 0x0000000086a00000|100%|HS|  |TAMS 0x0000000086a00000, 0x0000000086a00000| Complete 
| 106|0x0000000086a00000, 0x0000000086b00000, 0x0000000086b00000|100%| O|  |TAMS 0x0000000086b00000, 0x0000000086b00000| Untracked 
| 107|0x0000000086b00000, 0x0000000086c00000, 0x0000000086c00000|100%| O|  |TAMS 0x0000000086c00000, 0x0000000086c00000| Untracked 
| 108|0x0000000086c00000, 0x0000000086d00000, 0x0000000086d00000|100%| O|  |TAMS 0x0000000086d00000, 0x0000000086d00000| Untracked 
| 109|0x0000000086d00000, 0x0000000086e00000, 0x0000000086e00000|100%| O|  |TAMS 0x0000000086d00000, 0x0000000086e00000| Untracked 
| 110|0x0000000086e00000, 0x0000000086f00000, 0x0000000086f00000|100%| O|  |TAMS 0x0000000086f00000, 0x0000000086f00000| Untracked 
| 111|0x0000000086f00000, 0x0000000087000000, 0x0000000087000000|100%|HS|  |TAMS 0x0000000087000000, 0x0000000087000000| Complete 
| 112|0x0000000087000000, 0x0000000087100000, 0x0000000087100000|100%| O|  |TAMS 0x0000000087100000, 0x0000000087100000| Untracked 
| 113|0x0000000087100000, 0x0000000087200000, 0x0000000087200000|100%| O|  |TAMS 0x0000000087200000, 0x0000000087200000| Untracked 
| 114|0x0000000087200000, 0x0000000087300000, 0x0000000087300000|100%|HS|  |TAMS 0x0000000087300000, 0x0000000087300000| Complete 
| 115|0x0000000087300000, 0x0000000087400000, 0x0000000087400000|100%|HC|  |TAMS 0x0000000087400000, 0x0000000087400000| Complete 
| 116|0x0000000087400000, 0x0000000087500000, 0x0000000087500000|100%|HC|  |TAMS 0x0000000087500000, 0x0000000087500000| Complete 
| 117|0x0000000087500000, 0x0000000087600000, 0x0000000087600000|100%| O|  |TAMS 0x0000000087600000, 0x0000000087600000| Untracked 
| 118|0x0000000087600000, 0x0000000087700000, 0x0000000087700000|100%| O|  |TAMS 0x0000000087700000, 0x0000000087700000| Untracked 
| 119|0x0000000087700000, 0x0000000087800000, 0x0000000087800000|100%| O|  |TAMS 0x0000000087800000, 0x0000000087800000| Untracked 
| 120|0x0000000087800000, 0x0000000087900000, 0x0000000087900000|100%| O|  |TAMS 0x0000000087900000, 0x0000000087900000| Untracked 
| 121|0x0000000087900000, 0x0000000087a00000, 0x0000000087a00000|100%|HS|  |TAMS 0x0000000087a00000, 0x0000000087a00000| Complete 
| 122|0x0000000087a00000, 0x0000000087b00000, 0x0000000087b00000|100%| O|  |TAMS 0x0000000087b00000, 0x0000000087b00000| Untracked 
| 123|0x0000000087b00000, 0x0000000087c00000, 0x0000000087c00000|100%| O|  |TAMS 0x0000000087c00000, 0x0000000087c00000| Untracked 
| 124|0x0000000087c00000, 0x0000000087d00000, 0x0000000087d00000|100%| O|  |TAMS 0x0000000087d00000, 0x0000000087d00000| Untracked 
| 125|0x0000000087d00000, 0x0000000087e00000, 0x0000000087e00000|100%| O|  |TAMS 0x0000000087e00000, 0x0000000087e00000| Untracked 
| 126|0x0000000087e00000, 0x0000000087f00000, 0x0000000087f00000|100%| O|  |TAMS 0x0000000087f00000, 0x0000000087f00000| Untracked 
| 127|0x0000000087f00000, 0x0000000088000000, 0x0000000088000000|100%| O|  |TAMS 0x0000000088000000, 0x0000000088000000| Untracked 
| 128|0x0000000088000000, 0x0000000088100000, 0x0000000088100000|100%| O|  |TAMS 0x0000000088100000, 0x0000000088100000| Untracked 
| 129|0x0000000088100000, 0x0000000088200000, 0x0000000088200000|100%| O|  |TAMS 0x0000000088200000, 0x0000000088200000| Untracked 
| 130|0x0000000088200000, 0x0000000088300000, 0x0000000088300000|100%| O|  |TAMS 0x0000000088300000, 0x0000000088300000| Untracked 
| 131|0x0000000088300000, 0x0000000088400000, 0x0000000088400000|100%| O|  |TAMS 0x0000000088300000, 0x0000000088400000| Untracked 
| 132|0x0000000088400000, 0x0000000088500000, 0x0000000088500000|100%| O|  |TAMS 0x0000000088400000, 0x0000000088500000| Untracked 
| 133|0x0000000088500000, 0x0000000088600000, 0x0000000088600000|100%| O|  |TAMS 0x0000000088500000, 0x0000000088600000| Untracked 
| 134|0x0000000088600000, 0x0000000088700000, 0x0000000088700000|100%| O|  |TAMS 0x0000000088700000, 0x0000000088700000| Untracked 
| 135|0x0000000088700000, 0x0000000088800000, 0x0000000088800000|100%| O|  |TAMS 0x0000000088800000, 0x0000000088800000| Untracked 
| 136|0x0000000088800000, 0x0000000088900000, 0x0000000088900000|100%| O|  |TAMS 0x0000000088900000, 0x0000000088900000| Untracked 
| 137|0x0000000088900000, 0x0000000088a00000, 0x0000000088a00000|100%| O|  |TAMS 0x0000000088a00000, 0x0000000088a00000| Untracked 
| 138|0x0000000088a00000, 0x0000000088b00000, 0x0000000088b00000|100%| O|  |TAMS 0x0000000088a00000, 0x0000000088b00000| Untracked 
| 139|0x0000000088b00000, 0x0000000088c00000, 0x0000000088c00000|100%|HS|  |TAMS 0x0000000088b00000, 0x0000000088c00000| Complete 
| 140|0x0000000088c00000, 0x0000000088d00000, 0x0000000088d00000|100%| O|  |TAMS 0x0000000088c00000, 0x0000000088d00000| Untracked 
| 141|0x0000000088d00000, 0x0000000088e00000, 0x0000000088e00000|100%| O|  |TAMS 0x0000000088d00000, 0x0000000088e00000| Untracked 
| 142|0x0000000088e00000, 0x0000000088f00000, 0x0000000088f00000|100%| O|  |TAMS 0x0000000088f00000, 0x0000000088f00000| Untracked 
| 143|0x0000000088f00000, 0x0000000089000000, 0x0000000089000000|100%| O|  |TAMS 0x0000000088f00000, 0x0000000089000000| Untracked 
| 144|0x0000000089000000, 0x0000000089100000, 0x0000000089100000|100%| O|  |TAMS 0x0000000089100000, 0x0000000089100000| Untracked 
| 145|0x0000000089100000, 0x0000000089200000, 0x0000000089200000|100%| O|  |TAMS 0x0000000089100000, 0x0000000089200000| Untracked 
| 146|0x0000000089200000, 0x0000000089300000, 0x0000000089300000|100%| O|  |TAMS 0x0000000089200000, 0x0000000089300000| Untracked 
| 147|0x0000000089300000, 0x0000000089400000, 0x0000000089400000|100%| O|  |TAMS 0x0000000089300000, 0x0000000089400000| Untracked 
| 148|0x0000000089400000, 0x0000000089500000, 0x0000000089500000|100%| O|  |TAMS 0x0000000089400000, 0x0000000089500000| Untracked 
| 149|0x0000000089500000, 0x0000000089600000, 0x0000000089600000|100%| O|  |TAMS 0x0000000089600000, 0x0000000089600000| Untracked 
| 150|0x0000000089600000, 0x0000000089700000, 0x0000000089700000|100%| O|  |TAMS 0x0000000089700000, 0x0000000089700000| Untracked 
| 151|0x0000000089700000, 0x0000000089800000, 0x0000000089800000|100%| O|  |TAMS 0x0000000089800000, 0x0000000089800000| Untracked 
| 152|0x0000000089800000, 0x0000000089900000, 0x0000000089900000|100%| O|  |TAMS 0x0000000089900000, 0x0000000089900000| Untracked 
| 153|0x0000000089900000, 0x0000000089a00000, 0x0000000089a00000|100%| O|  |TAMS 0x0000000089a00000, 0x0000000089a00000| Untracked 
| 154|0x0000000089a00000, 0x0000000089b00000, 0x0000000089b00000|100%| O|  |TAMS 0x0000000089b00000, 0x0000000089b00000| Untracked 
| 155|0x0000000089b00000, 0x0000000089c00000, 0x0000000089c00000|100%| O|  |TAMS 0x0000000089c00000, 0x0000000089c00000| Untracked 
| 156|0x0000000089c00000, 0x0000000089d00000, 0x0000000089d00000|100%| O|  |TAMS 0x0000000089d00000, 0x0000000089d00000| Untracked 
| 157|0x0000000089d00000, 0x0000000089e00000, 0x0000000089e00000|100%| O|  |TAMS 0x0000000089e00000, 0x0000000089e00000| Untracked 
| 158|0x0000000089e00000, 0x0000000089f00000, 0x0000000089f00000|100%| O|  |TAMS 0x0000000089f00000, 0x0000000089f00000| Untracked 
| 159|0x0000000089f00000, 0x000000008a000000, 0x000000008a000000|100%| O|  |TAMS 0x0000000089f00000, 0x000000008a000000| Untracked 
| 160|0x000000008a000000, 0x000000008a100000, 0x000000008a100000|100%| O|  |TAMS 0x000000008a000000, 0x000000008a100000| Untracked 
| 161|0x000000008a100000, 0x000000008a200000, 0x000000008a200000|100%| O|  |TAMS 0x000000008a100000, 0x000000008a200000| Untracked 
| 162|0x000000008a200000, 0x000000008a300000, 0x000000008a300000|100%|HS|  |TAMS 0x000000008a300000, 0x000000008a300000| Complete 
| 163|0x000000008a300000, 0x000000008a400000, 0x000000008a400000|100%|HS|  |TAMS 0x000000008a400000, 0x000000008a400000| Complete 
| 164|0x000000008a400000, 0x000000008a500000, 0x000000008a500000|100%| O|  |TAMS 0x000000008a500000, 0x000000008a500000| Untracked 
| 165|0x000000008a500000, 0x000000008a600000, 0x000000008a600000|100%| O|  |TAMS 0x000000008a600000, 0x000000008a600000| Untracked 
| 166|0x000000008a600000, 0x000000008a700000, 0x000000008a700000|100%| O|  |TAMS 0x000000008a700000, 0x000000008a700000| Untracked 
| 167|0x000000008a700000, 0x000000008a800000, 0x000000008a800000|100%| O|  |TAMS 0x000000008a800000, 0x000000008a800000| Untracked 
| 168|0x000000008a800000, 0x000000008a900000, 0x000000008a900000|100%| O|  |TAMS 0x000000008a900000, 0x000000008a900000| Untracked 
| 169|0x000000008a900000, 0x000000008aa00000, 0x000000008aa00000|100%| O|  |TAMS 0x000000008aa00000, 0x000000008aa00000| Untracked 
| 170|0x000000008aa00000, 0x000000008ab00000, 0x000000008ab00000|100%| O|  |TAMS 0x000000008ab00000, 0x000000008ab00000| Untracked 
| 171|0x000000008ab00000, 0x000000008ac00000, 0x000000008ac00000|100%| O|  |TAMS 0x000000008ac00000, 0x000000008ac00000| Untracked 
| 172|0x000000008ac00000, 0x000000008ad00000, 0x000000008ad00000|100%| O|  |TAMS 0x000000008ad00000, 0x000000008ad00000| Untracked 
| 173|0x000000008ad00000, 0x000000008ae00000, 0x000000008ae00000|100%| O|  |TAMS 0x000000008ae00000, 0x000000008ae00000| Untracked 
| 174|0x000000008ae00000, 0x000000008af00000, 0x000000008af00000|100%| O|  |TAMS 0x000000008ae00000, 0x000000008af00000| Untracked 
| 175|0x000000008af00000, 0x000000008b000000, 0x000000008b000000|100%| O|  |TAMS 0x000000008af00000, 0x000000008b000000| Untracked 
| 176|0x000000008b000000, 0x000000008b100000, 0x000000008b100000|100%| O|  |TAMS 0x000000008b100000, 0x000000008b100000| Untracked 
| 177|0x000000008b100000, 0x000000008b200000, 0x000000008b200000|100%|HS|  |TAMS 0x000000008b200000, 0x000000008b200000| Complete 
| 178|0x000000008b200000, 0x000000008b300000, 0x000000008b300000|100%| O|  |TAMS 0x000000008b300000, 0x000000008b300000| Untracked 
| 179|0x000000008b300000, 0x000000008b400000, 0x000000008b400000|100%| O|  |TAMS 0x000000008b400000, 0x000000008b400000| Untracked 
| 180|0x000000008b400000, 0x000000008b500000, 0x000000008b500000|100%| O|  |TAMS 0x000000008b500000, 0x000000008b500000| Untracked 
| 181|0x000000008b500000, 0x000000008b600000, 0x000000008b600000|100%| O|  |TAMS 0x000000008b600000, 0x000000008b600000| Untracked 
| 182|0x000000008b600000, 0x000000008b700000, 0x000000008b700000|100%| O|  |TAMS 0x000000008b700000, 0x000000008b700000| Untracked 
| 183|0x000000008b700000, 0x000000008b800000, 0x000000008b800000|100%| O|  |TAMS 0x000000008b800000, 0x000000008b800000| Untracked 
| 184|0x000000008b800000, 0x000000008b900000, 0x000000008b900000|100%| O|  |TAMS 0x000000008b900000, 0x000000008b900000| Untracked 
| 185|0x000000008b900000, 0x000000008ba00000, 0x000000008ba00000|100%| O|  |TAMS 0x000000008ba00000, 0x000000008ba00000| Untracked 
| 186|0x000000008ba00000, 0x000000008bb00000, 0x000000008bb00000|100%| O|  |TAMS 0x000000008bb00000, 0x000000008bb00000| Untracked 
| 187|0x000000008bb00000, 0x000000008bc00000, 0x000000008bc00000|100%| O|  |TAMS 0x000000008bc00000, 0x000000008bc00000| Untracked 
| 188|0x000000008bc00000, 0x000000008bd00000, 0x000000008bd00000|100%| O|  |TAMS 0x000000008bd00000, 0x000000008bd00000| Untracked 
| 189|0x000000008bd00000, 0x000000008be00000, 0x000000008be00000|100%| O|  |TAMS 0x000000008bd00000, 0x000000008be00000| Untracked 
| 190|0x000000008be00000, 0x000000008bf00000, 0x000000008bf00000|100%| O|  |TAMS 0x000000008be00000, 0x000000008bf00000| Untracked 
| 191|0x000000008bf00000, 0x000000008c000000, 0x000000008c000000|100%| O|  |TAMS 0x000000008c000000, 0x000000008c000000| Untracked 
| 192|0x000000008c000000, 0x000000008c100000, 0x000000008c100000|100%| O|  |TAMS 0x000000008c000000, 0x000000008c100000| Untracked 
| 193|0x000000008c100000, 0x000000008c200000, 0x000000008c200000|100%| O|  |TAMS 0x000000008c100000, 0x000000008c200000| Untracked 
| 194|0x000000008c200000, 0x000000008c300000, 0x000000008c300000|100%| O|  |TAMS 0x000000008c200000, 0x000000008c300000| Untracked 
| 195|0x000000008c300000, 0x000000008c400000, 0x000000008c400000|100%| O|  |TAMS 0x000000008c300000, 0x000000008c400000| Untracked 
| 196|0x000000008c400000, 0x000000008c500000, 0x000000008c500000|100%| O|  |TAMS 0x000000008c400000, 0x000000008c500000| Untracked 
| 197|0x000000008c500000, 0x000000008c600000, 0x000000008c600000|100%| O|  |TAMS 0x000000008c500000, 0x000000008c600000| Untracked 
| 198|0x000000008c600000, 0x000000008c700000, 0x000000008c700000|100%| O|  |TAMS 0x000000008c600000, 0x000000008c700000| Untracked 
| 199|0x000000008c700000, 0x000000008c800000, 0x000000008c800000|100%| O|  |TAMS 0x000000008c800000, 0x000000008c800000| Untracked 
| 200|0x000000008c800000, 0x000000008c900000, 0x000000008c900000|100%| O|  |TAMS 0x000000008c900000, 0x000000008c900000| Untracked 
| 201|0x000000008c900000, 0x000000008ca00000, 0x000000008ca00000|100%| O|  |TAMS 0x000000008ca00000, 0x000000008ca00000| Untracked 
| 202|0x000000008ca00000, 0x000000008cb00000, 0x000000008cb00000|100%| O|  |TAMS 0x000000008cb00000, 0x000000008cb00000| Untracked 
| 203|0x000000008cb00000, 0x000000008cc00000, 0x000000008cc00000|100%| O|  |TAMS 0x000000008cc00000, 0x000000008cc00000| Untracked 
| 204|0x000000008cc00000, 0x000000008cd00000, 0x000000008cd00000|100%| O|  |TAMS 0x000000008cd00000, 0x000000008cd00000| Untracked 
| 205|0x000000008cd00000, 0x000000008ce00000, 0x000000008ce00000|100%| O|  |TAMS 0x000000008ce00000, 0x000000008ce00000| Untracked 
| 206|0x000000008ce00000, 0x000000008cf00000, 0x000000008cf00000|100%| O|  |TAMS 0x000000008cf00000, 0x000000008cf00000| Untracked 
| 207|0x000000008cf00000, 0x000000008d000000, 0x000000008d000000|100%| O|  |TAMS 0x000000008cf00000, 0x000000008d000000| Untracked 
| 208|0x000000008d000000, 0x000000008d100000, 0x000000008d100000|100%| O|  |TAMS 0x000000008d100000, 0x000000008d100000| Untracked 
| 209|0x000000008d100000, 0x000000008d200000, 0x000000008d200000|100%| O|  |TAMS 0x000000008d200000, 0x000000008d200000| Untracked 
| 210|0x000000008d200000, 0x000000008d300000, 0x000000008d300000|100%| O|  |TAMS 0x000000008d300000, 0x000000008d300000| Untracked 
| 211|0x000000008d300000, 0x000000008d400000, 0x000000008d400000|100%| O|  |TAMS 0x000000008d400000, 0x000000008d400000| Untracked 
| 212|0x000000008d400000, 0x000000008d500000, 0x000000008d500000|100%| O|  |TAMS 0x000000008d500000, 0x000000008d500000| Untracked 
| 213|0x000000008d500000, 0x000000008d600000, 0x000000008d600000|100%| O|  |TAMS 0x000000008d600000, 0x000000008d600000| Untracked 
| 214|0x000000008d600000, 0x000000008d700000, 0x000000008d700000|100%| O|  |TAMS 0x000000008d700000, 0x000000008d700000| Untracked 
| 215|0x000000008d700000, 0x000000008d800000, 0x000000008d800000|100%| O|  |TAMS 0x000000008d800000, 0x000000008d800000| Untracked 
| 216|0x000000008d800000, 0x000000008d900000, 0x000000008d900000|100%| O|  |TAMS 0x000000008d900000, 0x000000008d900000| Untracked 
| 217|0x000000008d900000, 0x000000008da00000, 0x000000008da00000|100%| O|  |TAMS 0x000000008da00000, 0x000000008da00000| Untracked 
| 218|0x000000008da00000, 0x000000008db00000, 0x000000008db00000|100%| O|  |TAMS 0x000000008db00000, 0x000000008db00000| Untracked 
| 219|0x000000008db00000, 0x000000008dc00000, 0x000000008dc00000|100%| O|  |TAMS 0x000000008dc00000, 0x000000008dc00000| Untracked 
| 220|0x000000008dc00000, 0x000000008dd00000, 0x000000008dd00000|100%| O|  |TAMS 0x000000008dd00000, 0x000000008dd00000| Untracked 
| 221|0x000000008dd00000, 0x000000008de00000, 0x000000008de00000|100%| O|  |TAMS 0x000000008de00000, 0x000000008de00000| Untracked 
| 222|0x000000008de00000, 0x000000008df00000, 0x000000008df00000|100%| O|  |TAMS 0x000000008df00000, 0x000000008df00000| Untracked 
| 223|0x000000008df00000, 0x000000008e000000, 0x000000008e000000|100%| O|  |TAMS 0x000000008e000000, 0x000000008e000000| Untracked 
| 224|0x000000008e000000, 0x000000008e100000, 0x000000008e100000|100%| O|  |TAMS 0x000000008e100000, 0x000000008e100000| Untracked 
| 225|0x000000008e100000, 0x000000008e200000, 0x000000008e200000|100%| O|  |TAMS 0x000000008e200000, 0x000000008e200000| Untracked 
| 226|0x000000008e200000, 0x000000008e300000, 0x000000008e300000|100%| O|  |TAMS 0x000000008e300000, 0x000000008e300000| Untracked 
| 227|0x000000008e300000, 0x000000008e400000, 0x000000008e400000|100%| O|  |TAMS 0x000000008e400000, 0x000000008e400000| Untracked 
| 228|0x000000008e400000, 0x000000008e500000, 0x000000008e500000|100%| O|  |TAMS 0x000000008e500000, 0x000000008e500000| Untracked 
| 229|0x000000008e500000, 0x000000008e600000, 0x000000008e600000|100%| O|  |TAMS 0x000000008e600000, 0x000000008e600000| Untracked 
| 230|0x000000008e600000, 0x000000008e700000, 0x000000008e700000|100%| O|  |TAMS 0x000000008e700000, 0x000000008e700000| Untracked 
| 231|0x000000008e700000, 0x000000008e800000, 0x000000008e800000|100%| O|  |TAMS 0x000000008e700000, 0x000000008e800000| Untracked 
| 232|0x000000008e800000, 0x000000008e900000, 0x000000008e900000|100%| O|  |TAMS 0x000000008e800000, 0x000000008e900000| Untracked 
| 233|0x000000008e900000, 0x000000008ea00000, 0x000000008ea00000|100%| O|  |TAMS 0x000000008e900000, 0x000000008ea00000| Untracked 
| 234|0x000000008ea00000, 0x000000008eb00000, 0x000000008eb00000|100%| O|  |TAMS 0x000000008ea00000, 0x000000008eb00000| Untracked 
| 235|0x000000008eb00000, 0x000000008ec00000, 0x000000008ec00000|100%| O|  |TAMS 0x000000008eb00000, 0x000000008ec00000| Untracked 
| 236|0x000000008ec00000, 0x000000008ed00000, 0x000000008ed00000|100%| O|  |TAMS 0x000000008ec00000, 0x000000008ed00000| Untracked 
| 237|0x000000008ed00000, 0x000000008ee00000, 0x000000008ee00000|100%| O|  |TAMS 0x000000008ed00000, 0x000000008ee00000| Untracked 
| 238|0x000000008ee00000, 0x000000008ef00000, 0x000000008ef00000|100%| O|  |TAMS 0x000000008ee00000, 0x000000008ef00000| Untracked 
| 239|0x000000008ef00000, 0x000000008f000000, 0x000000008f000000|100%| O|  |TAMS 0x000000008ef00000, 0x000000008f000000| Untracked 
| 240|0x000000008f000000, 0x000000008f100000, 0x000000008f100000|100%| O|  |TAMS 0x000000008f000000, 0x000000008f100000| Untracked 
| 241|0x000000008f100000, 0x000000008f200000, 0x000000008f200000|100%| O|  |TAMS 0x000000008f100000, 0x000000008f200000| Untracked 
| 242|0x000000008f200000, 0x000000008f300000, 0x000000008f300000|100%| O|  |TAMS 0x000000008f200000, 0x000000008f300000| Untracked 
| 243|0x000000008f300000, 0x000000008f400000, 0x000000008f400000|100%| O|  |TAMS 0x000000008f300000, 0x000000008f400000| Untracked 
| 244|0x000000008f400000, 0x000000008f500000, 0x000000008f500000|100%| O|  |TAMS 0x000000008f400000, 0x000000008f500000| Untracked 
| 245|0x000000008f500000, 0x000000008f600000, 0x000000008f600000|100%| O|  |TAMS 0x000000008f500000, 0x000000008f600000| Untracked 
| 246|0x000000008f600000, 0x000000008f700000, 0x000000008f700000|100%| O|  |TAMS 0x000000008f600000, 0x000000008f700000| Untracked 
| 247|0x000000008f700000, 0x000000008f800000, 0x000000008f800000|100%| O|  |TAMS 0x000000008f700000, 0x000000008f800000| Untracked 
| 248|0x000000008f800000, 0x000000008f900000, 0x000000008f900000|100%| O|  |TAMS 0x000000008f800000, 0x000000008f900000| Untracked 
| 249|0x000000008f900000, 0x000000008fa00000, 0x000000008fa00000|100%| O|  |TAMS 0x000000008f900000, 0x000000008fa00000| Untracked 
| 250|0x000000008fa00000, 0x000000008fb00000, 0x000000008fb00000|100%| O|  |TAMS 0x000000008fb00000, 0x000000008fb00000| Untracked 
| 251|0x000000008fb00000, 0x000000008fc00000, 0x000000008fc00000|100%| O|  |TAMS 0x000000008fc00000, 0x000000008fc00000| Untracked 
| 252|0x000000008fc00000, 0x000000008fd00000, 0x000000008fd00000|100%| O|  |TAMS 0x000000008fc00000, 0x000000008fd00000| Untracked 
| 253|0x000000008fd00000, 0x000000008fe00000, 0x000000008fe00000|100%| O|  |TAMS 0x000000008fe00000, 0x000000008fe00000| Untracked 
| 254|0x000000008fe00000, 0x000000008ff00000, 0x000000008ff00000|100%| O|  |TAMS 0x000000008fe00000, 0x000000008ff00000| Untracked 
| 255|0x000000008ff00000, 0x0000000090000000, 0x0000000090000000|100%| O|  |TAMS 0x000000008ff00000, 0x0000000090000000| Untracked 
| 256|0x0000000090000000, 0x0000000090100000, 0x0000000090100000|100%| O|  |TAMS 0x0000000090100000, 0x0000000090100000| Untracked 
| 257|0x0000000090100000, 0x0000000090200000, 0x0000000090200000|100%| O|  |TAMS 0x0000000090200000, 0x0000000090200000| Untracked 
| 258|0x0000000090200000, 0x0000000090300000, 0x0000000090300000|100%| O|  |TAMS 0x0000000090300000, 0x0000000090300000| Untracked 
| 259|0x0000000090300000, 0x0000000090400000, 0x0000000090400000|100%| O|  |TAMS 0x0000000090300000, 0x0000000090400000| Untracked 
| 260|0x0000000090400000, 0x0000000090500000, 0x0000000090500000|100%| O|  |TAMS 0x0000000090400000, 0x0000000090500000| Untracked 
| 261|0x0000000090500000, 0x0000000090600000, 0x0000000090600000|100%| O|  |TAMS 0x0000000090600000, 0x0000000090600000| Untracked 
| 262|0x0000000090600000, 0x0000000090700000, 0x0000000090700000|100%| O|  |TAMS 0x0000000090600000, 0x0000000090700000| Untracked 
| 263|0x0000000090700000, 0x0000000090800000, 0x0000000090800000|100%| O|  |TAMS 0x0000000090700000, 0x0000000090800000| Untracked 
| 264|0x0000000090800000, 0x0000000090900000, 0x0000000090900000|100%| O|  |TAMS 0x0000000090900000, 0x0000000090900000| Untracked 
| 265|0x0000000090900000, 0x0000000090a00000, 0x0000000090a00000|100%| O|  |TAMS 0x0000000090900000, 0x0000000090a00000| Untracked 
| 266|0x0000000090a00000, 0x0000000090b00000, 0x0000000090b00000|100%| O|  |TAMS 0x0000000090a00000, 0x0000000090b00000| Untracked 
| 267|0x0000000090b00000, 0x0000000090c00000, 0x0000000090c00000|100%| O|  |TAMS 0x0000000090b00000, 0x0000000090c00000| Untracked 
| 268|0x0000000090c00000, 0x0000000090d00000, 0x0000000090d00000|100%| O|  |TAMS 0x0000000090c00000, 0x0000000090d00000| Untracked 
| 269|0x0000000090d00000, 0x0000000090e00000, 0x0000000090e00000|100%| O|  |TAMS 0x0000000090e00000, 0x0000000090e00000| Untracked 
| 270|0x0000000090e00000, 0x0000000090f00000, 0x0000000090f00000|100%| O|  |TAMS 0x0000000090f00000, 0x0000000090f00000| Untracked 
| 271|0x0000000090f00000, 0x0000000091000000, 0x0000000091000000|100%| O|  |TAMS 0x0000000091000000, 0x0000000091000000| Untracked 
| 272|0x0000000091000000, 0x0000000091100000, 0x0000000091100000|100%| O|  |TAMS 0x0000000091000000, 0x0000000091100000| Untracked 
| 273|0x0000000091100000, 0x0000000091200000, 0x0000000091200000|100%| O|  |TAMS 0x0000000091100000, 0x0000000091200000| Untracked 
| 274|0x0000000091200000, 0x0000000091300000, 0x0000000091300000|100%| O|  |TAMS 0x0000000091200000, 0x0000000091300000| Untracked 
| 275|0x0000000091300000, 0x0000000091400000, 0x0000000091400000|100%| O|  |TAMS 0x0000000091400000, 0x0000000091400000| Untracked 
| 276|0x0000000091400000, 0x0000000091500000, 0x0000000091500000|100%| O|  |TAMS 0x0000000091500000, 0x0000000091500000| Untracked 
| 277|0x0000000091500000, 0x0000000091600000, 0x0000000091600000|100%| O|  |TAMS 0x0000000091600000, 0x0000000091600000| Untracked 
| 278|0x0000000091600000, 0x0000000091700000, 0x0000000091700000|100%| O|  |TAMS 0x0000000091600000, 0x0000000091700000| Untracked 
| 279|0x0000000091700000, 0x0000000091800000, 0x0000000091800000|100%| O|  |TAMS 0x0000000091700000, 0x0000000091800000| Untracked 
| 280|0x0000000091800000, 0x0000000091900000, 0x0000000091900000|100%| O|  |TAMS 0x0000000091800000, 0x0000000091900000| Untracked 
| 281|0x0000000091900000, 0x0000000091a00000, 0x0000000091a00000|100%| O|  |TAMS 0x0000000091900000, 0x0000000091a00000| Untracked 
| 282|0x0000000091a00000, 0x0000000091b00000, 0x0000000091b00000|100%| O|  |TAMS 0x0000000091a00000, 0x0000000091b00000| Untracked 
| 283|0x0000000091b00000, 0x0000000091c00000, 0x0000000091c00000|100%|HS|  |TAMS 0x0000000091b00000, 0x0000000091c00000| Complete 
| 284|0x0000000091c00000, 0x0000000091d00000, 0x0000000091d00000|100%|HS|  |TAMS 0x0000000091c00000, 0x0000000091d00000| Complete 
| 285|0x0000000091d00000, 0x0000000091e00000, 0x0000000091e00000|100%| O|  |TAMS 0x0000000091d00000, 0x0000000091e00000| Untracked 
| 286|0x0000000091e00000, 0x0000000091f00000, 0x0000000091f00000|100%|HS|  |TAMS 0x0000000091e00000, 0x0000000091f00000| Complete 
| 287|0x0000000091f00000, 0x0000000092000000, 0x0000000092000000|100%|HC|  |TAMS 0x0000000091f00000, 0x0000000092000000| Complete 
| 288|0x0000000092000000, 0x0000000092100000, 0x0000000092100000|100%| O|  |TAMS 0x0000000092100000, 0x0000000092100000| Untracked 
| 289|0x0000000092100000, 0x0000000092200000, 0x0000000092200000|100%| O|  |TAMS 0x0000000092200000, 0x0000000092200000| Untracked 
| 290|0x0000000092200000, 0x0000000092300000, 0x0000000092300000|100%| O|  |TAMS 0x0000000092300000, 0x0000000092300000| Untracked 
| 291|0x0000000092300000, 0x0000000092400000, 0x0000000092400000|100%| O|  |TAMS 0x0000000092400000, 0x0000000092400000| Untracked 
| 292|0x0000000092400000, 0x0000000092500000, 0x0000000092500000|100%| O|  |TAMS 0x0000000092400000, 0x0000000092500000| Untracked 
| 293|0x0000000092500000, 0x0000000092600000, 0x0000000092600000|100%| O|  |TAMS 0x0000000092600000, 0x0000000092600000| Untracked 
| 294|0x0000000092600000, 0x0000000092700000, 0x0000000092700000|100%| O|  |TAMS 0x0000000092700000, 0x0000000092700000| Untracked 
| 295|0x0000000092700000, 0x0000000092800000, 0x0000000092800000|100%| O|  |TAMS 0x0000000092800000, 0x0000000092800000| Untracked 
| 296|0x0000000092800000, 0x0000000092900000, 0x0000000092900000|100%| O|  |TAMS 0x0000000092900000, 0x0000000092900000| Untracked 
| 297|0x0000000092900000, 0x0000000092a00000, 0x0000000092a00000|100%| O|  |TAMS 0x0000000092a00000, 0x0000000092a00000| Untracked 
| 298|0x0000000092a00000, 0x0000000092b00000, 0x0000000092b00000|100%| O|  |TAMS 0x0000000092b00000, 0x0000000092b00000| Untracked 
| 299|0x0000000092b00000, 0x0000000092c00000, 0x0000000092c00000|100%| O|  |TAMS 0x0000000092b00000, 0x0000000092c00000| Untracked 
| 300|0x0000000092c00000, 0x0000000092d00000, 0x0000000092d00000|100%| O|  |TAMS 0x0000000092d00000, 0x0000000092d00000| Untracked 
| 301|0x0000000092d00000, 0x0000000092e00000, 0x0000000092e00000|100%| O|  |TAMS 0x0000000092d00000, 0x0000000092e00000| Untracked 
| 302|0x0000000092e00000, 0x0000000092f00000, 0x0000000092f00000|100%| O|  |TAMS 0x0000000092f00000, 0x0000000092f00000| Untracked 
| 303|0x0000000092f00000, 0x0000000093000000, 0x0000000093000000|100%| O|  |TAMS 0x0000000092f00000, 0x0000000093000000| Untracked 
| 304|0x0000000093000000, 0x0000000093100000, 0x0000000093100000|100%| O|  |TAMS 0x0000000093100000, 0x0000000093100000| Untracked 
| 305|0x0000000093100000, 0x0000000093200000, 0x0000000093200000|100%| O|  |TAMS 0x0000000093200000, 0x0000000093200000| Untracked 
| 306|0x0000000093200000, 0x0000000093300000, 0x0000000093300000|100%| O|  |TAMS 0x0000000093300000, 0x0000000093300000| Untracked 
| 307|0x0000000093300000, 0x0000000093400000, 0x0000000093400000|100%| O|  |TAMS 0x0000000093400000, 0x0000000093400000| Untracked 
| 308|0x0000000093400000, 0x0000000093500000, 0x0000000093500000|100%| O|  |TAMS 0x0000000093400000, 0x0000000093500000| Untracked 
| 309|0x0000000093500000, 0x0000000093600000, 0x0000000093600000|100%| O|  |TAMS 0x0000000093500000, 0x0000000093600000| Untracked 
| 310|0x0000000093600000, 0x0000000093700000, 0x0000000093700000|100%| O|  |TAMS 0x0000000093700000, 0x0000000093700000| Untracked 
| 311|0x0000000093700000, 0x0000000093800000, 0x0000000093800000|100%| O|  |TAMS 0x0000000093700000, 0x0000000093800000| Untracked 
| 312|0x0000000093800000, 0x0000000093900000, 0x0000000093900000|100%| O|  |TAMS 0x0000000093800000, 0x0000000093900000| Untracked 
| 313|0x0000000093900000, 0x0000000093a00000, 0x0000000093a00000|100%| O|  |TAMS 0x0000000093900000, 0x0000000093a00000| Untracked 
| 314|0x0000000093a00000, 0x0000000093b00000, 0x0000000093b00000|100%| O|  |TAMS 0x0000000093a00000, 0x0000000093b00000| Untracked 
| 315|0x0000000093b00000, 0x0000000093c00000, 0x0000000093c00000|100%| O|  |TAMS 0x0000000093b00000, 0x0000000093c00000| Untracked 
| 316|0x0000000093c00000, 0x0000000093d00000, 0x0000000093d00000|100%| O|  |TAMS 0x0000000093c00000, 0x0000000093d00000| Untracked 
| 317|0x0000000093d00000, 0x0000000093e00000, 0x0000000093e00000|100%| O|  |TAMS 0x0000000093d00000, 0x0000000093e00000| Untracked 
| 318|0x0000000093e00000, 0x0000000093f00000, 0x0000000093f00000|100%| O|  |TAMS 0x0000000093e00000, 0x0000000093f00000| Untracked 
| 319|0x0000000093f00000, 0x0000000094000000, 0x0000000094000000|100%| O|  |TAMS 0x0000000093f00000, 0x0000000094000000| Untracked 
| 320|0x0000000094000000, 0x0000000094100000, 0x0000000094100000|100%| O|  |TAMS 0x0000000094000000, 0x0000000094100000| Untracked 
| 321|0x0000000094100000, 0x0000000094200000, 0x0000000094200000|100%| O|  |TAMS 0x0000000094100000, 0x0000000094200000| Untracked 
| 322|0x0000000094200000, 0x0000000094300000, 0x0000000094300000|100%| O|  |TAMS 0x0000000094200000, 0x0000000094300000| Untracked 
| 323|0x0000000094300000, 0x0000000094400000, 0x0000000094400000|100%| O|  |TAMS 0x0000000094300000, 0x0000000094400000| Untracked 
| 324|0x0000000094400000, 0x0000000094500000, 0x0000000094500000|100%| O|  |TAMS 0x0000000094400000, 0x0000000094500000| Untracked 
| 325|0x0000000094500000, 0x0000000094600000, 0x0000000094600000|100%|HS|  |TAMS 0x0000000094500000, 0x0000000094600000| Complete 
| 326|0x0000000094600000, 0x0000000094700000, 0x0000000094700000|100%|HS|  |TAMS 0x0000000094600000, 0x0000000094700000| Complete 
| 327|0x0000000094700000, 0x0000000094800000, 0x0000000094800000|100%| O|  |TAMS 0x0000000094700000, 0x0000000094800000| Untracked 
| 328|0x0000000094800000, 0x0000000094900000, 0x0000000094900000|100%| O|  |TAMS 0x0000000094800000, 0x0000000094900000| Untracked 
| 329|0x0000000094900000, 0x0000000094a00000, 0x0000000094a00000|100%| O|  |TAMS 0x0000000094900000, 0x0000000094a00000| Untracked 
| 330|0x0000000094a00000, 0x0000000094b00000, 0x0000000094b00000|100%| O|  |TAMS 0x0000000094a00000, 0x0000000094b00000| Untracked 
| 331|0x0000000094b00000, 0x0000000094c00000, 0x0000000094c00000|100%| O|  |TAMS 0x0000000094b00000, 0x0000000094c00000| Untracked 
| 332|0x0000000094c00000, 0x0000000094d00000, 0x0000000094d00000|100%| O|  |TAMS 0x0000000094c00000, 0x0000000094d00000| Untracked 
| 333|0x0000000094d00000, 0x0000000094e00000, 0x0000000094e00000|100%| O|  |TAMS 0x0000000094d00000, 0x0000000094e00000| Untracked 
| 334|0x0000000094e00000, 0x0000000094f00000, 0x0000000094f00000|100%| O|  |TAMS 0x0000000094e00000, 0x0000000094f00000| Untracked 
| 335|0x0000000094f00000, 0x0000000095000000, 0x0000000095000000|100%| O|  |TAMS 0x0000000094f00000, 0x0000000095000000| Untracked 
| 336|0x0000000095000000, 0x0000000095100000, 0x0000000095100000|100%| O|  |TAMS 0x0000000095000000, 0x0000000095100000| Untracked 
| 337|0x0000000095100000, 0x0000000095200000, 0x0000000095200000|100%| O|  |TAMS 0x0000000095200000, 0x0000000095200000| Untracked 
| 338|0x0000000095200000, 0x0000000095300000, 0x0000000095300000|100%| O|  |TAMS 0x0000000095200000, 0x0000000095300000| Untracked 
| 339|0x0000000095300000, 0x0000000095400000, 0x0000000095400000|100%| O|  |TAMS 0x0000000095300000, 0x0000000095400000| Untracked 
| 340|0x0000000095400000, 0x0000000095500000, 0x0000000095500000|100%| O|  |TAMS 0x0000000095400000, 0x0000000095500000| Untracked 
| 341|0x0000000095500000, 0x0000000095600000, 0x0000000095600000|100%| O|  |TAMS 0x0000000095500000, 0x0000000095600000| Untracked 
| 342|0x0000000095600000, 0x0000000095700000, 0x0000000095700000|100%| O|  |TAMS 0x0000000095700000, 0x0000000095700000| Untracked 
| 343|0x0000000095700000, 0x0000000095800000, 0x0000000095800000|100%| O|  |TAMS 0x0000000095800000, 0x0000000095800000| Untracked 
| 344|0x0000000095800000, 0x0000000095900000, 0x0000000095900000|100%| O|  |TAMS 0x0000000095800000, 0x0000000095900000| Untracked 
| 345|0x0000000095900000, 0x0000000095a00000, 0x0000000095a00000|100%| O|  |TAMS 0x0000000095a00000, 0x0000000095a00000| Untracked 
| 346|0x0000000095a00000, 0x0000000095b00000, 0x0000000095b00000|100%|HS|  |TAMS 0x0000000095b00000, 0x0000000095b00000| Complete 
| 347|0x0000000095b00000, 0x0000000095c00000, 0x0000000095c00000|100%|HS|  |TAMS 0x0000000095c00000, 0x0000000095c00000| Complete 
| 348|0x0000000095c00000, 0x0000000095d00000, 0x0000000095d00000|100%|HS|  |TAMS 0x0000000095d00000, 0x0000000095d00000| Complete 
| 349|0x0000000095d00000, 0x0000000095e00000, 0x0000000095e00000|100%|HS|  |TAMS 0x0000000095e00000, 0x0000000095e00000| Complete 
| 350|0x0000000095e00000, 0x0000000095f00000, 0x0000000095f00000|100%|HC|  |TAMS 0x0000000095f00000, 0x0000000095f00000| Complete 
| 351|0x0000000095f00000, 0x0000000096000000, 0x0000000096000000|100%|HS|  |TAMS 0x0000000096000000, 0x0000000096000000| Complete 
| 352|0x0000000096000000, 0x0000000096100000, 0x0000000096100000|100%|HS|  |TAMS 0x0000000096100000, 0x0000000096100000| Complete 
| 353|0x0000000096100000, 0x0000000096200000, 0x0000000096200000|100%| O|  |TAMS 0x0000000096200000, 0x0000000096200000| Untracked 
| 354|0x0000000096200000, 0x0000000096300000, 0x0000000096300000|100%| O|  |TAMS 0x0000000096300000, 0x0000000096300000| Untracked 
| 355|0x0000000096300000, 0x0000000096400000, 0x0000000096400000|100%| O|  |TAMS 0x0000000096400000, 0x0000000096400000| Untracked 
| 356|0x0000000096400000, 0x0000000096500000, 0x0000000096500000|100%| O|  |TAMS 0x0000000096500000, 0x0000000096500000| Untracked 
| 357|0x0000000096500000, 0x0000000096600000, 0x0000000096600000|100%| O|  |TAMS 0x0000000096600000, 0x0000000096600000| Untracked 
| 358|0x0000000096600000, 0x0000000096700000, 0x0000000096700000|100%| O|  |TAMS 0x0000000096700000, 0x0000000096700000| Untracked 
| 359|0x0000000096700000, 0x0000000096800000, 0x0000000096800000|100%| O|  |TAMS 0x0000000096800000, 0x0000000096800000| Untracked 
| 360|0x0000000096800000, 0x0000000096900000, 0x0000000096900000|100%| O|  |TAMS 0x0000000096900000, 0x0000000096900000| Untracked 
| 361|0x0000000096900000, 0x0000000096a00000, 0x0000000096a00000|100%| O|  |TAMS 0x0000000096900000, 0x0000000096a00000| Untracked 
| 362|0x0000000096a00000, 0x0000000096b00000, 0x0000000096b00000|100%| O|  |TAMS 0x0000000096b00000, 0x0000000096b00000| Untracked 
| 363|0x0000000096b00000, 0x0000000096c00000, 0x0000000096c00000|100%| O|  |TAMS 0x0000000096c00000, 0x0000000096c00000| Untracked 
| 364|0x0000000096c00000, 0x0000000096d00000, 0x0000000096d00000|100%| O|  |TAMS 0x0000000096d00000, 0x0000000096d00000| Untracked 
| 365|0x0000000096d00000, 0x0000000096e00000, 0x0000000096e00000|100%| O|  |TAMS 0x0000000096e00000, 0x0000000096e00000| Untracked 
| 366|0x0000000096e00000, 0x0000000096f00000, 0x0000000096f00000|100%| O|  |TAMS 0x0000000096f00000, 0x0000000096f00000| Untracked 
| 367|0x0000000096f00000, 0x0000000097000000, 0x0000000097000000|100%| O|  |TAMS 0x0000000097000000, 0x0000000097000000| Untracked 
| 368|0x0000000097000000, 0x0000000097100000, 0x0000000097100000|100%| O|  |TAMS 0x0000000097100000, 0x0000000097100000| Untracked 
| 369|0x0000000097100000, 0x0000000097200000, 0x0000000097200000|100%| O|  |TAMS 0x0000000097200000, 0x0000000097200000| Untracked 
| 370|0x0000000097200000, 0x0000000097300000, 0x0000000097300000|100%| O|  |TAMS 0x0000000097300000, 0x0000000097300000| Untracked 
| 371|0x0000000097300000, 0x0000000097400000, 0x0000000097400000|100%| O|  |TAMS 0x0000000097400000, 0x0000000097400000| Untracked 
| 372|0x0000000097400000, 0x0000000097500000, 0x0000000097500000|100%| O|  |TAMS 0x0000000097500000, 0x0000000097500000| Untracked 
| 373|0x0000000097500000, 0x0000000097600000, 0x0000000097600000|100%| O|  |TAMS 0x0000000097600000, 0x0000000097600000| Untracked 
| 374|0x0000000097600000, 0x0000000097700000, 0x0000000097700000|100%| O|  |TAMS 0x0000000097700000, 0x0000000097700000| Untracked 
| 375|0x0000000097700000, 0x0000000097800000, 0x0000000097800000|100%| O|  |TAMS 0x0000000097800000, 0x0000000097800000| Untracked 
| 376|0x0000000097800000, 0x0000000097900000, 0x0000000097900000|100%| O|  |TAMS 0x0000000097900000, 0x0000000097900000| Untracked 
| 377|0x0000000097900000, 0x0000000097a00000, 0x0000000097a00000|100%| O|  |TAMS 0x0000000097a00000, 0x0000000097a00000| Untracked 
| 378|0x0000000097a00000, 0x0000000097b00000, 0x0000000097b00000|100%| O|  |TAMS 0x0000000097b00000, 0x0000000097b00000| Untracked 
| 379|0x0000000097b00000, 0x0000000097c00000, 0x0000000097c00000|100%| O|  |TAMS 0x0000000097b00000, 0x0000000097c00000| Untracked 
| 380|0x0000000097c00000, 0x0000000097d00000, 0x0000000097d00000|100%| O|  |TAMS 0x0000000097d00000, 0x0000000097d00000| Untracked 
| 381|0x0000000097d00000, 0x0000000097e00000, 0x0000000097e00000|100%| O|  |TAMS 0x0000000097e00000, 0x0000000097e00000| Untracked 
| 382|0x0000000097e00000, 0x0000000097f00000, 0x0000000097f00000|100%| O|  |TAMS 0x0000000097f00000, 0x0000000097f00000| Untracked 
| 383|0x0000000097f00000, 0x0000000098000000, 0x0000000098000000|100%| O|  |TAMS 0x0000000098000000, 0x0000000098000000| Untracked 
| 384|0x0000000098000000, 0x0000000098100000, 0x0000000098100000|100%| O|  |TAMS 0x0000000098100000, 0x0000000098100000| Untracked 
| 385|0x0000000098100000, 0x0000000098200000, 0x0000000098200000|100%| O|  |TAMS 0x0000000098200000, 0x0000000098200000| Untracked 
| 386|0x0000000098200000, 0x0000000098300000, 0x0000000098300000|100%| O|  |TAMS 0x0000000098300000, 0x0000000098300000| Untracked 
| 387|0x0000000098300000, 0x0000000098400000, 0x0000000098400000|100%| O|  |TAMS 0x0000000098400000, 0x0000000098400000| Untracked 
| 388|0x0000000098400000, 0x0000000098500000, 0x0000000098500000|100%| O|  |TAMS 0x0000000098500000, 0x0000000098500000| Untracked 
| 389|0x0000000098500000, 0x0000000098600000, 0x0000000098600000|100%| O|  |TAMS 0x0000000098600000, 0x0000000098600000| Untracked 
| 390|0x0000000098600000, 0x0000000098700000, 0x0000000098700000|100%| O|  |TAMS 0x0000000098700000, 0x0000000098700000| Untracked 
| 391|0x0000000098700000, 0x0000000098800000, 0x0000000098800000|100%| O|  |TAMS 0x0000000098800000, 0x0000000098800000| Untracked 
| 392|0x0000000098800000, 0x0000000098900000, 0x0000000098900000|100%| O|  |TAMS 0x0000000098900000, 0x0000000098900000| Untracked 
| 393|0x0000000098900000, 0x0000000098a00000, 0x0000000098a00000|100%| O|  |TAMS 0x0000000098a00000, 0x0000000098a00000| Untracked 
| 394|0x0000000098a00000, 0x0000000098b00000, 0x0000000098b00000|100%| O|  |TAMS 0x0000000098b00000, 0x0000000098b00000| Untracked 
| 395|0x0000000098b00000, 0x0000000098c00000, 0x0000000098c00000|100%| O|  |TAMS 0x0000000098c00000, 0x0000000098c00000| Untracked 
| 396|0x0000000098c00000, 0x0000000098d00000, 0x0000000098d00000|100%| O|  |TAMS 0x0000000098d00000, 0x0000000098d00000| Untracked 
| 397|0x0000000098d00000, 0x0000000098e00000, 0x0000000098e00000|100%| O|  |TAMS 0x0000000098e00000, 0x0000000098e00000| Untracked 
| 398|0x0000000098e00000, 0x0000000098f00000, 0x0000000098f00000|100%| O|  |TAMS 0x0000000098f00000, 0x0000000098f00000| Untracked 
| 399|0x0000000098f00000, 0x0000000099000000, 0x0000000099000000|100%| O|  |TAMS 0x0000000099000000, 0x0000000099000000| Untracked 
| 400|0x0000000099000000, 0x0000000099100000, 0x0000000099100000|100%| O|  |TAMS 0x0000000099000000, 0x0000000099100000| Untracked 
| 401|0x0000000099100000, 0x0000000099200000, 0x0000000099200000|100%| O|  |TAMS 0x0000000099200000, 0x0000000099200000| Untracked 
| 402|0x0000000099200000, 0x0000000099300000, 0x0000000099300000|100%| O|  |TAMS 0x0000000099200000, 0x0000000099300000| Untracked 
| 403|0x0000000099300000, 0x0000000099400000, 0x0000000099400000|100%| O|  |TAMS 0x0000000099300000, 0x0000000099400000| Untracked 
| 404|0x0000000099400000, 0x0000000099500000, 0x0000000099500000|100%| O|  |TAMS 0x0000000099400000, 0x0000000099500000| Untracked 
| 405|0x0000000099500000, 0x0000000099600000, 0x0000000099600000|100%| O|  |TAMS 0x0000000099500000, 0x0000000099600000| Untracked 
| 406|0x0000000099600000, 0x0000000099700000, 0x0000000099700000|100%| O|  |TAMS 0x0000000099600000, 0x0000000099700000| Untracked 
| 407|0x0000000099700000, 0x0000000099800000, 0x0000000099800000|100%| O|  |TAMS 0x0000000099700000, 0x0000000099800000| Untracked 
| 408|0x0000000099800000, 0x0000000099900000, 0x0000000099900000|100%| O|  |TAMS 0x0000000099800000, 0x0000000099900000| Untracked 
| 409|0x0000000099900000, 0x0000000099a00000, 0x0000000099a00000|100%| O|  |TAMS 0x0000000099900000, 0x0000000099a00000| Untracked 
| 410|0x0000000099a00000, 0x0000000099b00000, 0x0000000099b00000|100%| O|  |TAMS 0x0000000099a00000, 0x0000000099b00000| Untracked 
| 411|0x0000000099b00000, 0x0000000099c00000, 0x0000000099c00000|100%| O|  |TAMS 0x0000000099b00000, 0x0000000099c00000| Untracked 
| 412|0x0000000099c00000, 0x0000000099d00000, 0x0000000099d00000|100%| O|  |TAMS 0x0000000099c00000, 0x0000000099d00000| Untracked 
| 413|0x0000000099d00000, 0x0000000099e00000, 0x0000000099e00000|100%| O|  |TAMS 0x0000000099d00000, 0x0000000099e00000| Untracked 
| 414|0x0000000099e00000, 0x0000000099f00000, 0x0000000099f00000|100%| O|  |TAMS 0x0000000099e00000, 0x0000000099f00000| Untracked 
| 415|0x0000000099f00000, 0x000000009a000000, 0x000000009a000000|100%| O|  |TAMS 0x0000000099f00000, 0x000000009a000000| Untracked 
| 416|0x000000009a000000, 0x000000009a100000, 0x000000009a100000|100%| O|  |TAMS 0x000000009a000000, 0x000000009a100000| Untracked 
| 417|0x000000009a100000, 0x000000009a200000, 0x000000009a200000|100%| O|  |TAMS 0x000000009a100000, 0x000000009a200000| Untracked 
| 418|0x000000009a200000, 0x000000009a300000, 0x000000009a300000|100%| O|  |TAMS 0x000000009a200000, 0x000000009a300000| Untracked 
| 419|0x000000009a300000, 0x000000009a400000, 0x000000009a400000|100%| O|  |TAMS 0x000000009a300000, 0x000000009a400000| Untracked 
| 420|0x000000009a400000, 0x000000009a500000, 0x000000009a500000|100%| O|  |TAMS 0x000000009a400000, 0x000000009a500000| Untracked 
| 421|0x000000009a500000, 0x000000009a600000, 0x000000009a600000|100%| O|  |TAMS 0x000000009a500000, 0x000000009a600000| Untracked 
| 422|0x000000009a600000, 0x000000009a700000, 0x000000009a700000|100%| O|  |TAMS 0x000000009a600000, 0x000000009a700000| Untracked 
| 423|0x000000009a700000, 0x000000009a800000, 0x000000009a800000|100%| O|  |TAMS 0x000000009a700000, 0x000000009a800000| Untracked 
| 424|0x000000009a800000, 0x000000009a900000, 0x000000009a900000|100%| O|  |TAMS 0x000000009a800000, 0x000000009a900000| Untracked 
| 425|0x000000009a900000, 0x000000009aa00000, 0x000000009aa00000|100%| O|  |TAMS 0x000000009a900000, 0x000000009aa00000| Untracked 
| 426|0x000000009aa00000, 0x000000009ab00000, 0x000000009ab00000|100%| O|  |TAMS 0x000000009aa00000, 0x000000009ab00000| Untracked 
| 427|0x000000009ab00000, 0x000000009ac00000, 0x000000009ac00000|100%| O|  |TAMS 0x000000009ab00000, 0x000000009ac00000| Untracked 
| 428|0x000000009ac00000, 0x000000009ad00000, 0x000000009ad00000|100%| O|  |TAMS 0x000000009ac00000, 0x000000009ad00000| Untracked 
| 429|0x000000009ad00000, 0x000000009ae00000, 0x000000009ae00000|100%| O|  |TAMS 0x000000009ad00000, 0x000000009ae00000| Untracked 
| 430|0x000000009ae00000, 0x000000009af00000, 0x000000009af00000|100%| O|  |TAMS 0x000000009ae00000, 0x000000009af00000| Untracked 
| 431|0x000000009af00000, 0x000000009b000000, 0x000000009b000000|100%|HS|  |TAMS 0x000000009af00000, 0x000000009b000000| Complete 
| 432|0x000000009b000000, 0x000000009b100000, 0x000000009b100000|100%| O|  |TAMS 0x000000009b000000, 0x000000009b100000| Untracked 
| 433|0x000000009b100000, 0x000000009b200000, 0x000000009b200000|100%| O|  |TAMS 0x000000009b100000, 0x000000009b200000| Untracked 
| 434|0x000000009b200000, 0x000000009b300000, 0x000000009b300000|100%| O|  |TAMS 0x000000009b200000, 0x000000009b300000| Untracked 
| 435|0x000000009b300000, 0x000000009b400000, 0x000000009b400000|100%| O|  |TAMS 0x000000009b300000, 0x000000009b400000| Untracked 
| 436|0x000000009b400000, 0x000000009b500000, 0x000000009b500000|100%| O|  |TAMS 0x000000009b400000, 0x000000009b500000| Untracked 
| 437|0x000000009b500000, 0x000000009b600000, 0x000000009b600000|100%| O|  |TAMS 0x000000009b500000, 0x000000009b600000| Untracked 
| 438|0x000000009b600000, 0x000000009b700000, 0x000000009b700000|100%| O|  |TAMS 0x000000009b600000, 0x000000009b700000| Untracked 
| 439|0x000000009b700000, 0x000000009b800000, 0x000000009b800000|100%| O|  |TAMS 0x000000009b700000, 0x000000009b800000| Untracked 
| 440|0x000000009b800000, 0x000000009b900000, 0x000000009b900000|100%| O|  |TAMS 0x000000009b800000, 0x000000009b900000| Untracked 
| 441|0x000000009b900000, 0x000000009ba00000, 0x000000009ba00000|100%| O|  |TAMS 0x000000009b900000, 0x000000009ba00000| Untracked 
| 442|0x000000009ba00000, 0x000000009bb00000, 0x000000009bb00000|100%| O|  |TAMS 0x000000009ba00000, 0x000000009bb00000| Untracked 
| 443|0x000000009bb00000, 0x000000009bc00000, 0x000000009bc00000|100%| O|  |TAMS 0x000000009bb00000, 0x000000009bc00000| Untracked 
| 444|0x000000009bc00000, 0x000000009bd00000, 0x000000009bd00000|100%| O|  |TAMS 0x000000009bc00000, 0x000000009bd00000| Untracked 
| 445|0x000000009bd00000, 0x000000009be00000, 0x000000009be00000|100%| O|  |TAMS 0x000000009bd00000, 0x000000009be00000| Untracked 
| 446|0x000000009be00000, 0x000000009bf00000, 0x000000009bf00000|100%| O|  |TAMS 0x000000009be00000, 0x000000009bf00000| Untracked 
| 447|0x000000009bf00000, 0x000000009c000000, 0x000000009c000000|100%| O|  |TAMS 0x000000009bf00000, 0x000000009c000000| Untracked 
| 448|0x000000009c000000, 0x000000009c100000, 0x000000009c100000|100%| O|  |TAMS 0x000000009c000000, 0x000000009c100000| Untracked 
| 449|0x000000009c100000, 0x000000009c200000, 0x000000009c200000|100%| O|  |TAMS 0x000000009c100000, 0x000000009c200000| Untracked 
| 450|0x000000009c200000, 0x000000009c300000, 0x000000009c300000|100%| O|  |TAMS 0x000000009c200000, 0x000000009c300000| Untracked 
| 451|0x000000009c300000, 0x000000009c400000, 0x000000009c400000|100%| O|  |TAMS 0x000000009c300000, 0x000000009c400000| Untracked 
| 452|0x000000009c400000, 0x000000009c500000, 0x000000009c500000|100%| O|  |TAMS 0x000000009c400000, 0x000000009c500000| Untracked 
| 453|0x000000009c500000, 0x000000009c600000, 0x000000009c600000|100%| O|  |TAMS 0x000000009c500000, 0x000000009c600000| Untracked 
| 454|0x000000009c600000, 0x000000009c700000, 0x000000009c700000|100%| O|  |TAMS 0x000000009c600000, 0x000000009c700000| Untracked 
| 455|0x000000009c700000, 0x000000009c800000, 0x000000009c800000|100%| O|  |TAMS 0x000000009c700000, 0x000000009c800000| Untracked 
| 456|0x000000009c800000, 0x000000009c900000, 0x000000009c900000|100%| O|  |TAMS 0x000000009c800000, 0x000000009c900000| Untracked 
| 457|0x000000009c900000, 0x000000009ca00000, 0x000000009ca00000|100%| O|  |TAMS 0x000000009c900000, 0x000000009ca00000| Untracked 
| 458|0x000000009ca00000, 0x000000009cb00000, 0x000000009cb00000|100%| O|  |TAMS 0x000000009ca00000, 0x000000009cb00000| Untracked 
| 459|0x000000009cb00000, 0x000000009cc00000, 0x000000009cc00000|100%| O|  |TAMS 0x000000009cb00000, 0x000000009cc00000| Untracked 
| 460|0x000000009cc00000, 0x000000009cd00000, 0x000000009cd00000|100%| O|  |TAMS 0x000000009cc00000, 0x000000009cd00000| Untracked 
| 461|0x000000009cd00000, 0x000000009ce00000, 0x000000009ce00000|100%| O|  |TAMS 0x000000009cd00000, 0x000000009ce00000| Untracked 
| 462|0x000000009ce00000, 0x000000009cf00000, 0x000000009cf00000|100%| O|  |TAMS 0x000000009ce00000, 0x000000009cf00000| Untracked 
| 463|0x000000009cf00000, 0x000000009d000000, 0x000000009d000000|100%| O|  |TAMS 0x000000009cf00000, 0x000000009d000000| Untracked 
| 464|0x000000009d000000, 0x000000009d100000, 0x000000009d100000|100%| O|  |TAMS 0x000000009d000000, 0x000000009d100000| Untracked 
| 465|0x000000009d100000, 0x000000009d200000, 0x000000009d200000|100%| O|  |TAMS 0x000000009d100000, 0x000000009d200000| Untracked 
| 466|0x000000009d200000, 0x000000009d300000, 0x000000009d300000|100%| O|  |TAMS 0x000000009d200000, 0x000000009d300000| Untracked 
| 467|0x000000009d300000, 0x000000009d400000, 0x000000009d400000|100%| O|  |TAMS 0x000000009d300000, 0x000000009d400000| Untracked 
| 468|0x000000009d400000, 0x000000009d500000, 0x000000009d500000|100%| O|  |TAMS 0x000000009d400000, 0x000000009d500000| Untracked 
| 469|0x000000009d500000, 0x000000009d600000, 0x000000009d600000|100%| O|  |TAMS 0x000000009d500000, 0x000000009d600000| Untracked 
| 470|0x000000009d600000, 0x000000009d700000, 0x000000009d700000|100%| O|  |TAMS 0x000000009d600000, 0x000000009d700000| Untracked 
| 471|0x000000009d700000, 0x000000009d800000, 0x000000009d800000|100%| O|  |TAMS 0x000000009d700000, 0x000000009d800000| Untracked 
| 472|0x000000009d800000, 0x000000009d900000, 0x000000009d900000|100%| O|  |TAMS 0x000000009d800000, 0x000000009d900000| Untracked 
| 473|0x000000009d900000, 0x000000009da00000, 0x000000009da00000|100%| O|  |TAMS 0x000000009d900000, 0x000000009da00000| Untracked 
| 474|0x000000009da00000, 0x000000009db00000, 0x000000009db00000|100%| O|  |TAMS 0x000000009da00000, 0x000000009db00000| Untracked 
| 475|0x000000009db00000, 0x000000009dc00000, 0x000000009dc00000|100%| O|  |TAMS 0x000000009db00000, 0x000000009dc00000| Untracked 
| 476|0x000000009dc00000, 0x000000009dd00000, 0x000000009dd00000|100%| O|  |TAMS 0x000000009dc00000, 0x000000009dd00000| Untracked 
| 477|0x000000009dd00000, 0x000000009de00000, 0x000000009de00000|100%| O|  |TAMS 0x000000009dd00000, 0x000000009de00000| Untracked 
| 478|0x000000009de00000, 0x000000009df00000, 0x000000009df00000|100%| O|  |TAMS 0x000000009de00000, 0x000000009df00000| Untracked 
| 479|0x000000009df00000, 0x000000009e000000, 0x000000009e000000|100%| O|  |TAMS 0x000000009df00000, 0x000000009e000000| Untracked 
| 480|0x000000009e000000, 0x000000009e100000, 0x000000009e100000|100%| O|  |TAMS 0x000000009e000000, 0x000000009e100000| Untracked 
| 481|0x000000009e100000, 0x000000009e200000, 0x000000009e200000|100%| O|  |TAMS 0x000000009e100000, 0x000000009e200000| Untracked 
| 482|0x000000009e200000, 0x000000009e300000, 0x000000009e300000|100%| O|  |TAMS 0x000000009e200000, 0x000000009e300000| Untracked 
| 483|0x000000009e300000, 0x000000009e400000, 0x000000009e400000|100%| O|  |TAMS 0x000000009e300000, 0x000000009e400000| Untracked 
| 484|0x000000009e400000, 0x000000009e500000, 0x000000009e500000|100%| O|  |TAMS 0x000000009e400000, 0x000000009e500000| Untracked 
| 485|0x000000009e500000, 0x000000009e600000, 0x000000009e600000|100%| O|  |TAMS 0x000000009e500000, 0x000000009e600000| Untracked 
| 486|0x000000009e600000, 0x000000009e700000, 0x000000009e700000|100%| O|  |TAMS 0x000000009e600000, 0x000000009e700000| Untracked 
| 487|0x000000009e700000, 0x000000009e800000, 0x000000009e800000|100%| O|  |TAMS 0x000000009e700000, 0x000000009e800000| Untracked 
| 488|0x000000009e800000, 0x000000009e900000, 0x000000009e900000|100%| O|  |TAMS 0x000000009e800000, 0x000000009e900000| Untracked 
| 489|0x000000009e900000, 0x000000009ea00000, 0x000000009ea00000|100%| O|  |TAMS 0x000000009e900000, 0x000000009ea00000| Untracked 
| 490|0x000000009ea00000, 0x000000009eb00000, 0x000000009eb00000|100%| O|  |TAMS 0x000000009ea00000, 0x000000009eb00000| Untracked 
| 491|0x000000009eb00000, 0x000000009ec00000, 0x000000009ec00000|100%| O|  |TAMS 0x000000009eb00000, 0x000000009ec00000| Untracked 
| 492|0x000000009ec00000, 0x000000009ed00000, 0x000000009ed00000|100%| O|  |TAMS 0x000000009ec00000, 0x000000009ed00000| Untracked 
| 493|0x000000009ed00000, 0x000000009ee00000, 0x000000009ee00000|100%| O|  |TAMS 0x000000009ed00000, 0x000000009ee00000| Untracked 
| 494|0x000000009ee00000, 0x000000009ef00000, 0x000000009ef00000|100%| O|  |TAMS 0x000000009ee00000, 0x000000009ef00000| Untracked 
| 495|0x000000009ef00000, 0x000000009f000000, 0x000000009f000000|100%| O|  |TAMS 0x000000009ef00000, 0x000000009f000000| Untracked 
| 496|0x000000009f000000, 0x000000009f100000, 0x000000009f100000|100%| O|  |TAMS 0x000000009f000000, 0x000000009f100000| Untracked 
| 497|0x000000009f100000, 0x000000009f200000, 0x000000009f200000|100%| O|  |TAMS 0x000000009f100000, 0x000000009f200000| Untracked 
| 498|0x000000009f200000, 0x000000009f300000, 0x000000009f300000|100%| O|  |TAMS 0x000000009f200000, 0x000000009f300000| Untracked 
| 499|0x000000009f300000, 0x000000009f400000, 0x000000009f400000|100%| O|  |TAMS 0x000000009f300000, 0x000000009f400000| Untracked 
| 500|0x000000009f400000, 0x000000009f500000, 0x000000009f500000|100%| O|  |TAMS 0x000000009f400000, 0x000000009f500000| Untracked 
| 501|0x000000009f500000, 0x000000009f600000, 0x000000009f600000|100%| O|  |TAMS 0x000000009f500000, 0x000000009f600000| Untracked 
| 502|0x000000009f600000, 0x000000009f700000, 0x000000009f700000|100%| O|  |TAMS 0x000000009f600000, 0x000000009f700000| Untracked 
| 503|0x000000009f700000, 0x000000009f800000, 0x000000009f800000|100%| O|  |TAMS 0x000000009f700000, 0x000000009f800000| Untracked 
| 504|0x000000009f800000, 0x000000009f900000, 0x000000009f900000|100%| O|  |TAMS 0x000000009f800000, 0x000000009f900000| Untracked 
| 505|0x000000009f900000, 0x000000009fa00000, 0x000000009fa00000|100%| O|  |TAMS 0x000000009f900000, 0x000000009fa00000| Untracked 
| 506|0x000000009fa00000, 0x000000009fb00000, 0x000000009fb00000|100%| O|  |TAMS 0x000000009fa00000, 0x000000009fb00000| Untracked 
| 507|0x000000009fb00000, 0x000000009fc00000, 0x000000009fc00000|100%| O|  |TAMS 0x000000009fb00000, 0x000000009fc00000| Untracked 
| 508|0x000000009fc00000, 0x000000009fd00000, 0x000000009fd00000|100%| O|  |TAMS 0x000000009fc00000, 0x000000009fd00000| Untracked 
| 509|0x000000009fd00000, 0x000000009fe00000, 0x000000009fe00000|100%| O|  |TAMS 0x000000009fd00000, 0x000000009fe00000| Untracked 
| 510|0x000000009fe00000, 0x000000009ff00000, 0x000000009ff00000|100%| O|  |TAMS 0x000000009fe00000, 0x000000009ff00000| Untracked 
| 511|0x000000009ff00000, 0x00000000a0000000, 0x00000000a0000000|100%| O|  |TAMS 0x000000009ff00000, 0x00000000a0000000| Untracked 
| 512|0x00000000a0000000, 0x00000000a0100000, 0x00000000a0100000|100%| O|  |TAMS 0x00000000a0000000, 0x00000000a0100000| Untracked 
| 513|0x00000000a0100000, 0x00000000a0200000, 0x00000000a0200000|100%| O|  |TAMS 0x00000000a0100000, 0x00000000a0200000| Untracked 
| 514|0x00000000a0200000, 0x00000000a0300000, 0x00000000a0300000|100%| O|  |TAMS 0x00000000a0200000, 0x00000000a0300000| Untracked 
| 515|0x00000000a0300000, 0x00000000a0400000, 0x00000000a0400000|100%| O|  |TAMS 0x00000000a0300000, 0x00000000a0400000| Untracked 
| 516|0x00000000a0400000, 0x00000000a0500000, 0x00000000a0500000|100%| O|  |TAMS 0x00000000a0400000, 0x00000000a0500000| Untracked 
| 517|0x00000000a0500000, 0x00000000a0600000, 0x00000000a0600000|100%| O|  |TAMS 0x00000000a0500000, 0x00000000a0600000| Untracked 
| 518|0x00000000a0600000, 0x00000000a0700000, 0x00000000a0700000|100%| O|  |TAMS 0x00000000a0600000, 0x00000000a0700000| Untracked 
| 519|0x00000000a0700000, 0x00000000a0800000, 0x00000000a0800000|100%| O|  |TAMS 0x00000000a0700000, 0x00000000a0800000| Untracked 
| 520|0x00000000a0800000, 0x00000000a0900000, 0x00000000a0900000|100%| O|  |TAMS 0x00000000a0800000, 0x00000000a0900000| Untracked 
| 521|0x00000000a0900000, 0x00000000a0a00000, 0x00000000a0a00000|100%| O|  |TAMS 0x00000000a0900000, 0x00000000a0a00000| Untracked 
| 522|0x00000000a0a00000, 0x00000000a0b00000, 0x00000000a0b00000|100%| O|  |TAMS 0x00000000a0a00000, 0x00000000a0b00000| Untracked 
| 523|0x00000000a0b00000, 0x00000000a0c00000, 0x00000000a0c00000|100%| O|  |TAMS 0x00000000a0b00000, 0x00000000a0c00000| Untracked 
| 524|0x00000000a0c00000, 0x00000000a0d00000, 0x00000000a0d00000|100%| O|  |TAMS 0x00000000a0c00000, 0x00000000a0d00000| Untracked 
| 525|0x00000000a0d00000, 0x00000000a0e00000, 0x00000000a0e00000|100%| O|  |TAMS 0x00000000a0d00000, 0x00000000a0e00000| Untracked 
| 526|0x00000000a0e00000, 0x00000000a0f00000, 0x00000000a0f00000|100%| O|  |TAMS 0x00000000a0e00000, 0x00000000a0f00000| Untracked 
| 527|0x00000000a0f00000, 0x00000000a1000000, 0x00000000a1000000|100%| O|  |TAMS 0x00000000a0f00000, 0x00000000a1000000| Untracked 
| 528|0x00000000a1000000, 0x00000000a1100000, 0x00000000a1100000|100%| O|  |TAMS 0x00000000a1000000, 0x00000000a1100000| Untracked 
| 529|0x00000000a1100000, 0x00000000a1200000, 0x00000000a1200000|100%| O|  |TAMS 0x00000000a1100000, 0x00000000a1200000| Untracked 
| 530|0x00000000a1200000, 0x00000000a1300000, 0x00000000a1300000|100%| O|  |TAMS 0x00000000a1200000, 0x00000000a1300000| Untracked 
| 531|0x00000000a1300000, 0x00000000a1400000, 0x00000000a1400000|100%| O|  |TAMS 0x00000000a1300000, 0x00000000a1400000| Untracked 
| 532|0x00000000a1400000, 0x00000000a1500000, 0x00000000a1500000|100%| O|  |TAMS 0x00000000a1400000, 0x00000000a1500000| Untracked 
| 533|0x00000000a1500000, 0x00000000a1600000, 0x00000000a1600000|100%| O|  |TAMS 0x00000000a1500000, 0x00000000a1600000| Untracked 
| 534|0x00000000a1600000, 0x00000000a1700000, 0x00000000a1700000|100%| O|  |TAMS 0x00000000a1600000, 0x00000000a1700000| Untracked 
| 535|0x00000000a1700000, 0x00000000a1800000, 0x00000000a1800000|100%| O|  |TAMS 0x00000000a1700000, 0x00000000a1800000| Untracked 
| 536|0x00000000a1800000, 0x00000000a1900000, 0x00000000a1900000|100%| O|  |TAMS 0x00000000a1800000, 0x00000000a1900000| Untracked 
| 537|0x00000000a1900000, 0x00000000a1a00000, 0x00000000a1a00000|100%| O|  |TAMS 0x00000000a1900000, 0x00000000a1a00000| Untracked 
| 538|0x00000000a1a00000, 0x00000000a1b00000, 0x00000000a1b00000|100%| O|  |TAMS 0x00000000a1a00000, 0x00000000a1b00000| Untracked 
| 539|0x00000000a1b00000, 0x00000000a1c00000, 0x00000000a1c00000|100%| O|  |TAMS 0x00000000a1b00000, 0x00000000a1c00000| Untracked 
| 540|0x00000000a1c00000, 0x00000000a1d00000, 0x00000000a1d00000|100%| O|  |TAMS 0x00000000a1c00000, 0x00000000a1d00000| Untracked 
| 541|0x00000000a1d00000, 0x00000000a1e00000, 0x00000000a1e00000|100%| O|  |TAMS 0x00000000a1d00000, 0x00000000a1e00000| Untracked 
| 542|0x00000000a1e00000, 0x00000000a1f00000, 0x00000000a1f00000|100%| O|  |TAMS 0x00000000a1e00000, 0x00000000a1f00000| Untracked 
| 543|0x00000000a1f00000, 0x00000000a2000000, 0x00000000a2000000|100%| O|  |TAMS 0x00000000a1f00000, 0x00000000a1f0aa00| Untracked 
| 544|0x00000000a2000000, 0x00000000a2100000, 0x00000000a2100000|100%| O|  |TAMS 0x00000000a2000000, 0x00000000a2000000| Untracked 
| 545|0x00000000a2100000, 0x00000000a217bc00, 0x00000000a2200000| 48%| O|  |TAMS 0x00000000a2100000, 0x00000000a2100000| Untracked 
| 546|0x00000000a2200000, 0x00000000a2200000, 0x00000000a2300000|  0%| F|  |TAMS 0x00000000a2200000, 0x00000000a2200000| Untracked 
| 547|0x00000000a2300000, 0x00000000a2300000, 0x00000000a2400000|  0%| F|  |TAMS 0x00000000a2300000, 0x00000000a2300000| Untracked 
| 548|0x00000000a2400000, 0x00000000a2400000, 0x00000000a2500000|  0%| F|  |TAMS 0x00000000a2400000, 0x00000000a2400000| Untracked 
| 549|0x00000000a2500000, 0x00000000a2500000, 0x00000000a2600000|  0%| F|  |TAMS 0x00000000a2500000, 0x00000000a2500000| Untracked 
| 550|0x00000000a2600000, 0x00000000a2600000, 0x00000000a2700000|  0%| F|  |TAMS 0x00000000a2600000, 0x00000000a2600000| Untracked 
| 551|0x00000000a2700000, 0x00000000a2700000, 0x00000000a2800000|  0%| F|  |TAMS 0x00000000a2700000, 0x00000000a2700000| Untracked 
| 552|0x00000000a2800000, 0x00000000a2800000, 0x00000000a2900000|  0%| F|  |TAMS 0x00000000a2800000, 0x00000000a2800000| Untracked 
| 553|0x00000000a2900000, 0x00000000a2900000, 0x00000000a2a00000|  0%| F|  |TAMS 0x00000000a2900000, 0x00000000a2900000| Untracked 
| 554|0x00000000a2a00000, 0x00000000a2a00000, 0x00000000a2b00000|  0%| F|  |TAMS 0x00000000a2a00000, 0x00000000a2a00000| Untracked 
| 555|0x00000000a2b00000, 0x00000000a2b00000, 0x00000000a2c00000|  0%| F|  |TAMS 0x00000000a2b00000, 0x00000000a2b00000| Untracked 
| 556|0x00000000a2c00000, 0x00000000a2c00000, 0x00000000a2d00000|  0%| F|  |TAMS 0x00000000a2c00000, 0x00000000a2c00000| Untracked 
| 557|0x00000000a2d00000, 0x00000000a2d00000, 0x00000000a2e00000|  0%| F|  |TAMS 0x00000000a2d00000, 0x00000000a2d00000| Untracked 
| 558|0x00000000a2e00000, 0x00000000a2e00000, 0x00000000a2f00000|  0%| F|  |TAMS 0x00000000a2e00000, 0x00000000a2e00000| Untracked 
| 559|0x00000000a2f00000, 0x00000000a2f00000, 0x00000000a3000000|  0%| F|  |TAMS 0x00000000a2f00000, 0x00000000a2f00000| Untracked 
| 560|0x00000000a3000000, 0x00000000a3000000, 0x00000000a3100000|  0%| F|  |TAMS 0x00000000a3000000, 0x00000000a3000000| Untracked 
| 561|0x00000000a3100000, 0x00000000a3100000, 0x00000000a3200000|  0%| F|  |TAMS 0x00000000a3100000, 0x00000000a3100000| Untracked 
| 562|0x00000000a3200000, 0x00000000a3200000, 0x00000000a3300000|  0%| F|  |TAMS 0x00000000a3200000, 0x00000000a3200000| Untracked 
| 563|0x00000000a3300000, 0x00000000a3300000, 0x00000000a3400000|  0%| F|  |TAMS 0x00000000a3300000, 0x00000000a3300000| Untracked 
| 564|0x00000000a3400000, 0x00000000a3400000, 0x00000000a3500000|  0%| F|  |TAMS 0x00000000a3400000, 0x00000000a3400000| Untracked 
| 565|0x00000000a3500000, 0x00000000a3500000, 0x00000000a3600000|  0%| F|  |TAMS 0x00000000a3500000, 0x00000000a3500000| Untracked 
| 566|0x00000000a3600000, 0x00000000a3600000, 0x00000000a3700000|  0%| F|  |TAMS 0x00000000a3600000, 0x00000000a3600000| Untracked 
| 567|0x00000000a3700000, 0x00000000a3700000, 0x00000000a3800000|  0%| F|  |TAMS 0x00000000a3700000, 0x00000000a3700000| Untracked 
| 568|0x00000000a3800000, 0x00000000a3800000, 0x00000000a3900000|  0%| F|  |TAMS 0x00000000a3800000, 0x00000000a3800000| Untracked 
| 569|0x00000000a3900000, 0x00000000a3900000, 0x00000000a3a00000|  0%| F|  |TAMS 0x00000000a3900000, 0x00000000a3900000| Untracked 
| 570|0x00000000a3a00000, 0x00000000a3a00000, 0x00000000a3b00000|  0%| F|  |TAMS 0x00000000a3a00000, 0x00000000a3a00000| Untracked 
| 571|0x00000000a3b00000, 0x00000000a3b00000, 0x00000000a3c00000|  0%| F|  |TAMS 0x00000000a3b00000, 0x00000000a3b00000| Untracked 
| 572|0x00000000a3c00000, 0x00000000a3c00000, 0x00000000a3d00000|  0%| F|  |TAMS 0x00000000a3c00000, 0x00000000a3c00000| Untracked 
| 573|0x00000000a3d00000, 0x00000000a3d00000, 0x00000000a3e00000|  0%| F|  |TAMS 0x00000000a3d00000, 0x00000000a3d00000| Untracked 
| 574|0x00000000a3e00000, 0x00000000a3e00000, 0x00000000a3f00000|  0%| F|  |TAMS 0x00000000a3e00000, 0x00000000a3e00000| Untracked 
| 575|0x00000000a3f00000, 0x00000000a3f00000, 0x00000000a4000000|  0%| F|  |TAMS 0x00000000a3f00000, 0x00000000a3f00000| Untracked 
| 576|0x00000000a4000000, 0x00000000a4000000, 0x00000000a4100000|  0%| F|  |TAMS 0x00000000a4000000, 0x00000000a4000000| Untracked 
| 577|0x00000000a4100000, 0x00000000a4100000, 0x00000000a4200000|  0%| F|  |TAMS 0x00000000a4100000, 0x00000000a4100000| Untracked 
| 578|0x00000000a4200000, 0x00000000a4200000, 0x00000000a4300000|  0%| F|  |TAMS 0x00000000a4200000, 0x00000000a4200000| Untracked 
| 579|0x00000000a4300000, 0x00000000a4300000, 0x00000000a4400000|  0%| F|  |TAMS 0x00000000a4300000, 0x00000000a4300000| Untracked 
| 580|0x00000000a4400000, 0x00000000a4400000, 0x00000000a4500000|  0%| F|  |TAMS 0x00000000a4400000, 0x00000000a4400000| Untracked 
| 581|0x00000000a4500000, 0x00000000a4500000, 0x00000000a4600000|  0%| F|  |TAMS 0x00000000a4500000, 0x00000000a4500000| Untracked 
| 582|0x00000000a4600000, 0x00000000a4600000, 0x00000000a4700000|  0%| F|  |TAMS 0x00000000a4600000, 0x00000000a4600000| Untracked 
| 583|0x00000000a4700000, 0x00000000a4700000, 0x00000000a4800000|  0%| F|  |TAMS 0x00000000a4700000, 0x00000000a4700000| Untracked 
| 584|0x00000000a4800000, 0x00000000a4800000, 0x00000000a4900000|  0%| F|  |TAMS 0x00000000a4800000, 0x00000000a4800000| Untracked 
| 585|0x00000000a4900000, 0x00000000a4900000, 0x00000000a4a00000|  0%| F|  |TAMS 0x00000000a4900000, 0x00000000a4900000| Untracked 
| 586|0x00000000a4a00000, 0x00000000a4a00000, 0x00000000a4b00000|  0%| F|  |TAMS 0x00000000a4a00000, 0x00000000a4a00000| Untracked 
| 587|0x00000000a4b00000, 0x00000000a4b12700, 0x00000000a4c00000|  7%| S|CS|TAMS 0x00000000a4b00000, 0x00000000a4b00000| Complete 
| 588|0x00000000a4c00000, 0x00000000a4d00000, 0x00000000a4d00000|100%| S|CS|TAMS 0x00000000a4c00000, 0x00000000a4c00000| Complete 
| 589|0x00000000a4d00000, 0x00000000a4e00000, 0x00000000a4e00000|100%| S|CS|TAMS 0x00000000a4d00000, 0x00000000a4d00000| Complete 
| 590|0x00000000a4e00000, 0x00000000a4f00000, 0x00000000a4f00000|100%| S|CS|TAMS 0x00000000a4e00000, 0x00000000a4e00000| Complete 
| 591|0x00000000a4f00000, 0x00000000a4f00000, 0x00000000a5000000|  0%| F|  |TAMS 0x00000000a4f00000, 0x00000000a4f00000| Untracked 
| 592|0x00000000a5000000, 0x00000000a5000000, 0x00000000a5100000|  0%| F|  |TAMS 0x00000000a5000000, 0x00000000a5000000| Untracked 
| 593|0x00000000a5100000, 0x00000000a5100000, 0x00000000a5200000|  0%| F|  |TAMS 0x00000000a5100000, 0x00000000a5100000| Untracked 
| 594|0x00000000a5200000, 0x00000000a5200000, 0x00000000a5300000|  0%| F|  |TAMS 0x00000000a5200000, 0x00000000a5200000| Untracked 
| 595|0x00000000a5300000, 0x00000000a5300000, 0x00000000a5400000|  0%| F|  |TAMS 0x00000000a5300000, 0x00000000a5300000| Untracked 
| 596|0x00000000a5400000, 0x00000000a5400000, 0x00000000a5500000|  0%| F|  |TAMS 0x00000000a5400000, 0x00000000a5400000| Untracked 
| 597|0x00000000a5500000, 0x00000000a5500000, 0x00000000a5600000|  0%| F|  |TAMS 0x00000000a5500000, 0x00000000a5500000| Untracked 
| 598|0x00000000a5600000, 0x00000000a5600000, 0x00000000a5700000|  0%| F|  |TAMS 0x00000000a5600000, 0x00000000a5600000| Untracked 
| 599|0x00000000a5700000, 0x00000000a5700000, 0x00000000a5800000|  0%| F|  |TAMS 0x00000000a5700000, 0x00000000a5700000| Untracked 
| 600|0x00000000a5800000, 0x00000000a5800000, 0x00000000a5900000|  0%| F|  |TAMS 0x00000000a5800000, 0x00000000a5800000| Untracked 
| 601|0x00000000a5900000, 0x00000000a5900000, 0x00000000a5a00000|  0%| F|  |TAMS 0x00000000a5900000, 0x00000000a5900000| Untracked 
| 602|0x00000000a5a00000, 0x00000000a5a00000, 0x00000000a5b00000|  0%| F|  |TAMS 0x00000000a5a00000, 0x00000000a5a00000| Untracked 
| 603|0x00000000a5b00000, 0x00000000a5b00000, 0x00000000a5c00000|  0%| F|  |TAMS 0x00000000a5b00000, 0x00000000a5b00000| Untracked 
| 604|0x00000000a5c00000, 0x00000000a5c00000, 0x00000000a5d00000|  0%| F|  |TAMS 0x00000000a5c00000, 0x00000000a5c00000| Untracked 
| 605|0x00000000a5d00000, 0x00000000a5d00000, 0x00000000a5e00000|  0%| F|  |TAMS 0x00000000a5d00000, 0x00000000a5d00000| Untracked 
| 606|0x00000000a5e00000, 0x00000000a5e00000, 0x00000000a5f00000|  0%| F|  |TAMS 0x00000000a5e00000, 0x00000000a5e00000| Untracked 
| 607|0x00000000a5f00000, 0x00000000a5f00000, 0x00000000a6000000|  0%| F|  |TAMS 0x00000000a5f00000, 0x00000000a5f00000| Untracked 
| 608|0x00000000a6000000, 0x00000000a6000000, 0x00000000a6100000|  0%| F|  |TAMS 0x00000000a6000000, 0x00000000a6000000| Untracked 
| 609|0x00000000a6100000, 0x00000000a6100000, 0x00000000a6200000|  0%| F|  |TAMS 0x00000000a6100000, 0x00000000a6100000| Untracked 
| 610|0x00000000a6200000, 0x00000000a6200000, 0x00000000a6300000|  0%| F|  |TAMS 0x00000000a6200000, 0x00000000a6200000| Untracked 
| 611|0x00000000a6300000, 0x00000000a6300000, 0x00000000a6400000|  0%| F|  |TAMS 0x00000000a6300000, 0x00000000a6300000| Untracked 
| 612|0x00000000a6400000, 0x00000000a6400000, 0x00000000a6500000|  0%| F|  |TAMS 0x00000000a6400000, 0x00000000a6400000| Untracked 
| 613|0x00000000a6500000, 0x00000000a6600000, 0x00000000a6600000|100%| E|  |TAMS 0x00000000a6500000, 0x00000000a6500000| Complete 
| 614|0x00000000a6600000, 0x00000000a6700000, 0x00000000a6700000|100%| E|CS|TAMS 0x00000000a6600000, 0x00000000a6600000| Complete 
| 615|0x00000000a6700000, 0x00000000a6800000, 0x00000000a6800000|100%| E|CS|TAMS 0x00000000a6700000, 0x00000000a6700000| Complete 
| 616|0x00000000a6800000, 0x00000000a6900000, 0x00000000a6900000|100%| E|CS|TAMS 0x00000000a6800000, 0x00000000a6800000| Complete 
| 617|0x00000000a6900000, 0x00000000a6a00000, 0x00000000a6a00000|100%| E|CS|TAMS 0x00000000a6900000, 0x00000000a6900000| Complete 
| 618|0x00000000a6a00000, 0x00000000a6b00000, 0x00000000a6b00000|100%| E|CS|TAMS 0x00000000a6a00000, 0x00000000a6a00000| Complete 
| 619|0x00000000a6b00000, 0x00000000a6c00000, 0x00000000a6c00000|100%| E|CS|TAMS 0x00000000a6b00000, 0x00000000a6b00000| Complete 
| 620|0x00000000a6c00000, 0x00000000a6d00000, 0x00000000a6d00000|100%| E|CS|TAMS 0x00000000a6c00000, 0x00000000a6c00000| Complete 
| 621|0x00000000a6d00000, 0x00000000a6e00000, 0x00000000a6e00000|100%| E|CS|TAMS 0x00000000a6d00000, 0x00000000a6d00000| Complete 

Card table byte_map: [0x0000018476c20000,0x0000018477020000] _byte_map_base: 0x0000018476820000

Marking Bits (Prev, Next): (CMBitMap*) 0x000001845f4731d0, (CMBitMap*) 0x000001845f473190
 Prev Bits: [0x0000018479420000, 0x000001847b420000)
 Next Bits: [0x0000018477420000, 0x0000018479420000)

Polling page: 0x000001845d1f0000

Metaspace:

Usage:
  Non-class:    206.15 MB used.
      Class:     29.34 MB used.
       Both:    235.49 MB used.

Virtual space:
  Non-class space:      256.00 MB reserved,     207.75 MB ( 81%) committed,  4 nodes.
      Class space:      416.00 MB reserved,      30.75 MB (  7%) committed,  1 nodes.
             Both:      672.00 MB reserved,     238.50 MB ( 35%) committed. 

Chunk freelists:
   Non-Class:  61.00 KB
       Class:  1.08 MB
        Both:  1.14 MB

MaxMetaspaceSize: 512.00 MB
CompressedClassSpaceSize: 416.00 MB
Initial GC threshold: 21.00 MB
Current GC threshold: 342.44 MB
CDS: on
MetaspaceReclaimPolicy: balanced
 - commit_granule_bytes: 65536.
 - commit_granule_words: 8192.
 - virtual_space_node_default_size: 8388608.
 - enlarge_chunks_in_place: 1.
 - new_chunks_are_fully_committed: 0.
 - uncommit_free_chunks: 1.
 - use_allocation_guard: 0.
 - handle_deallocations: 1.


Internal statistics:

num_allocs_failed_limit: 9.
num_arena_births: 4682.
num_arena_deaths: 20.
num_vsnodes_births: 5.
num_vsnodes_deaths: 0.
num_space_committed: 3812.
num_space_uncommitted: 0.
num_chunks_returned_to_freelist: 48.
num_chunks_taken_from_freelist: 15652.
num_chunk_merges: 12.
num_chunk_splits: 10355.
num_chunks_enlarged: 6763.
num_inconsistent_stats: 0.

CodeHeap 'non-profiled nmethods': size=119168Kb used=33486Kb max_used=33486Kb free=85681Kb
 bounds [0x000001846eb40000, 0x0000018470c00000, 0x0000018475fa0000]
CodeHeap 'profiled nmethods': size=119104Kb used=104725Kb max_used=104725Kb free=14378Kb
 bounds [0x0000018466fa0000, 0x000001846d5f0000, 0x000001846e3f0000]
CodeHeap 'non-nmethods': size=7488Kb used=2646Kb max_used=3839Kb free=4841Kb
 bounds [0x000001846e3f0000, 0x000001846e7c0000, 0x000001846eb40000]
 total_blobs=41219 nmethods=39989 adapters=1137
 compilation: enabled
              stopped_count=0, restarted_count=0
 full_count=0

Compilation events (20 events):
Event: 390.402 Thread 0x0000018435d4b490 48505       3       com.android.build.gradle.internal.dependency.AarTransform$Parameters_Decorated::getNamespacedSharedLibSupport (36 bytes)
Event: 390.402 Thread 0x000001847d812140 nmethod 48504 0x000001846d5e0b90 code [0x000001846d5e0d60, 0x000001846d5e1158]
Event: 390.402 Thread 0x000001847d812140 48506       3       org.gradle.api.internal.attributes.EmptyImmutableAttributes::getEntries (4 bytes)
Event: 390.403 Thread 0x000001847d812140 nmethod 48506 0x000001846d5e1290 code [0x000001846d5e1440, 0x000001846d5e15b8]
Event: 390.403 Thread 0x0000018435d4b490 nmethod 48505 0x000001846d5e1690 code [0x000001846d5e1860, 0x000001846d5e1c58]
Event: 390.404 Thread 0x000001847d812140 48507       3       com.android.build.gradle.internal.DependencyConfigurator$configureGeneralTransforms$6::execute (156 bytes)
Event: 390.407 Thread 0x000001847d812140 nmethod 48507 0x000001846d5e1d90 code [0x000001846d5e22a0, 0x000001846d5e4f28]
Event: 390.490 Thread 0x000001847d812140 48508       1       org.jetbrains.kotlin.gradle.plugin.PropertiesProvider::getKotlinExperimentalTryNext (5 bytes)
Event: 390.490 Thread 0x000001847d812140 nmethod 48508 0x0000018470be7e10 code [0x0000018470be7fa0, 0x0000018470be8078]
Event: 390.534 Thread 0x0000018433ecd6a0 48509       4       org.gradle.api.internal.project.LifecycleAwareProject_Decorated::getOwner (40 bytes)
Event: 390.536 Thread 0x0000018433ecd6a0 nmethod 48509 0x0000018470be8110 code [0x0000018470be82a0, 0x0000018470be8378]
Event: 390.541 Thread 0x000001847d812140 48510       3       org.gradle.internal.classpath.CallInterceptingMetaClass::interceptsPropertyAccess (22 bytes)
Event: 390.541 Thread 0x0000018435d4b490 48511       3       org.gradle.internal.classpath.CallInterceptingMetaClass::findGetterCallerAndInterceptor (46 bytes)
Event: 390.541 Thread 0x000001847d812140 nmethod 48510 0x000001846d5e5c90 code [0x000001846d5e5e40, 0x000001846d5e6058]
Event: 390.541 Thread 0x000001847d812140 48512       3       org.gradle.internal.classpath.CallInterceptingMetaClass::findSetterCallerAndInterceptor (46 bytes)
Event: 390.542 Thread 0x0000018435d4b490 nmethod 48511 0x000001846d5e6110 code [0x000001846d5e6340, 0x000001846d5e6c38]
Event: 390.542 Thread 0x000001847d812140 nmethod 48512 0x000001846d5e6f10 code [0x000001846d5e7140, 0x000001846d5e7a38]
Event: 390.543 Thread 0x0000018433ecd6a0 48513       4       org.gradle.internal.metaobject.AbstractDynamicObject::tryGetProperty (4 bytes)
Event: 390.544 Thread 0x0000018433ecd6a0 nmethod 48513 0x0000018470be8490 code [0x0000018470be8620, 0x0000018470be8698]
Event: 390.595 Thread 0x0000018433ecd6a0 48514   !   4       org.gradle.internal.resources.AbstractTrackedResourceLock::unlock (78 bytes)

GC Heap History (20 events):
Event: 380.959 GC heap before
{Heap before GC invocations=139 (full 0):
 garbage-first heap   total 636928K, used 563826K [0x0000000080000000, 0x0000000100000000)
  region size 1024K, 35 young (35840K), 4 survivors (4096K)
 Metaspace       used 240024K, committed 242880K, reserved 688128K
  class space    used 29870K, committed 31232K, reserved 425984K
}
Event: 380.965 GC heap after
{Heap after GC invocations=140 (full 0):
 garbage-first heap   total 636928K, used 532683K [0x0000000080000000, 0x0000000100000000)
  region size 1024K, 4 young (4096K), 4 survivors (4096K)
 Metaspace       used 240024K, committed 242880K, reserved 688128K
  class space    used 29870K, committed 31232K, reserved 425984K
}
Event: 382.000 GC heap before
{Heap before GC invocations=140 (full 0):
 garbage-first heap   total 636928K, used 565451K [0x0000000080000000, 0x0000000100000000)
  region size 1024K, 36 young (36864K), 4 survivors (4096K)
 Metaspace       used 240086K, committed 242944K, reserved 688128K
  class space    used 29880K, committed 31232K, reserved 425984K
}
Event: 382.007 GC heap after
{Heap after GC invocations=141 (full 0):
 garbage-first heap   total 636928K, used 537441K [0x0000000080000000, 0x0000000100000000)
  region size 1024K, 5 young (5120K), 5 survivors (5120K)
 Metaspace       used 240086K, committed 242944K, reserved 688128K
  class space    used 29880K, committed 31232K, reserved 425984K
}
Event: 382.967 GC heap before
{Heap before GC invocations=141 (full 0):
 garbage-first heap   total 636928K, used 564065K [0x0000000080000000, 0x0000000100000000)
  region size 1024K, 31 young (31744K), 5 survivors (5120K)
 Metaspace       used 240324K, committed 243264K, reserved 688128K
  class space    used 29923K, committed 31296K, reserved 425984K
}
Event: 382.974 GC heap after
{Heap after GC invocations=142 (full 0):
 garbage-first heap   total 636928K, used 540928K [0x0000000080000000, 0x0000000100000000)
  region size 1024K, 4 young (4096K), 4 survivors (4096K)
 Metaspace       used 240324K, committed 243264K, reserved 688128K
  class space    used 29923K, committed 31296K, reserved 425984K
}
Event: 383.734 GC heap before
{Heap before GC invocations=142 (full 0):
 garbage-first heap   total 636928K, used 568576K [0x0000000080000000, 0x0000000100000000)
  region size 1024K, 31 young (31744K), 4 survivors (4096K)
 Metaspace       used 240444K, committed 243456K, reserved 688128K
  class space    used 29945K, committed 31360K, reserved 425984K
}
Event: 383.742 GC heap after
{Heap after GC invocations=143 (full 0):
 garbage-first heap   total 636928K, used 544530K [0x0000000080000000, 0x0000000100000000)
  region size 1024K, 4 young (4096K), 4 survivors (4096K)
 Metaspace       used 240444K, committed 243456K, reserved 688128K
  class space    used 29945K, committed 31360K, reserved 425984K
}
Event: 384.526 GC heap before
{Heap before GC invocations=143 (full 0):
 garbage-first heap   total 636928K, used 572178K [0x0000000080000000, 0x0000000100000000)
  region size 1024K, 31 young (31744K), 4 survivors (4096K)
 Metaspace       used 240635K, committed 243584K, reserved 688128K
  class space    used 29976K, committed 31360K, reserved 425984K
}
Event: 384.534 GC heap after
{Heap after GC invocations=144 (full 0):
 garbage-first heap   total 636928K, used 548412K [0x0000000080000000, 0x0000000100000000)
  region size 1024K, 4 young (4096K), 4 survivors (4096K)
 Metaspace       used 240635K, committed 243584K, reserved 688128K
  class space    used 29976K, committed 31360K, reserved 425984K
}
Event: 387.339 GC heap before
{Heap before GC invocations=144 (full 0):
 garbage-first heap   total 636928K, used 576060K [0x0000000080000000, 0x0000000100000000)
  region size 1024K, 31 young (31744K), 4 survivors (4096K)
 Metaspace       used 240703K, committed 243648K, reserved 688128K
  class space    used 29978K, committed 31360K, reserved 425984K
}
Event: 387.345 GC heap after
{Heap after GC invocations=145 (full 0):
 garbage-first heap   total 636928K, used 551472K [0x0000000080000000, 0x0000000100000000)
  region size 1024K, 4 young (4096K), 4 survivors (4096K)
 Metaspace       used 240703K, committed 243648K, reserved 688128K
  class space    used 29978K, committed 31360K, reserved 425984K
}
Event: 387.585 GC heap before
{Heap before GC invocations=145 (full 0):
 garbage-first heap   total 636928K, used 579120K [0x0000000080000000, 0x0000000100000000)
  region size 1024K, 31 young (31744K), 4 survivors (4096K)
 Metaspace       used 240742K, committed 243712K, reserved 688128K
  class space    used 29984K, committed 31424K, reserved 425984K
}
Event: 387.590 GC heap after
{Heap after GC invocations=146 (full 0):
 garbage-first heap   total 636928K, used 552718K [0x0000000080000000, 0x0000000100000000)
  region size 1024K, 2 young (2048K), 2 survivors (2048K)
 Metaspace       used 240742K, committed 243712K, reserved 688128K
  class space    used 29984K, committed 31424K, reserved 425984K
}
Event: 388.464 GC heap before
{Heap before GC invocations=146 (full 0):
 garbage-first heap   total 636928K, used 582414K [0x0000000080000000, 0x0000000100000000)
  region size 1024K, 31 young (31744K), 2 survivors (2048K)
 Metaspace       used 240924K, committed 243904K, reserved 688128K
  class space    used 30014K, committed 31424K, reserved 425984K
}
Event: 388.469 GC heap after
{Heap after GC invocations=147 (full 0):
 garbage-first heap   total 636928K, used 556031K [0x0000000080000000, 0x0000000100000000)
  region size 1024K, 4 young (4096K), 4 survivors (4096K)
 Metaspace       used 240924K, committed 243904K, reserved 688128K
  class space    used 30014K, committed 31424K, reserved 425984K
}
Event: 390.070 GC heap before
{Heap before GC invocations=147 (full 0):
 garbage-first heap   total 636928K, used 582655K [0x0000000080000000, 0x0000000100000000)
  region size 1024K, 31 young (31744K), 4 survivors (4096K)
 Metaspace       used 241089K, committed 244160K, reserved 688128K
  class space    used 30038K, committed 31488K, reserved 425984K
}
Event: 390.077 GC heap after
{Heap after GC invocations=148 (full 0):
 garbage-first heap   total 636928K, used 558596K [0x0000000080000000, 0x0000000100000000)
  region size 1024K, 3 young (3072K), 3 survivors (3072K)
 Metaspace       used 241089K, committed 244160K, reserved 688128K
  class space    used 30038K, committed 31488K, reserved 425984K
}
Event: 390.547 GC heap before
{Heap before GC invocations=148 (full 0):
 garbage-first heap   total 636928K, used 587268K [0x0000000080000000, 0x0000000100000000)
  region size 1024K, 31 young (31744K), 3 survivors (3072K)
 Metaspace       used 241108K, committed 244160K, reserved 688128K
  class space    used 30040K, committed 31488K, reserved 425984K
}
Event: 390.559 GC heap after
{Heap after GC invocations=149 (full 0):
 garbage-first heap   total 636928K, used 561720K [0x0000000080000000, 0x0000000100000000)
  region size 1024K, 4 young (4096K), 4 survivors (4096K)
 Metaspace       used 241108K, committed 244160K, reserved 688128K
  class space    used 30040K, committed 31488K, reserved 425984K
}

Dll operation events (15 events):
Event: 0.013 Loaded shared library C:\Program Files\Microsoft\jdk-17.0.20.8-hotspot\bin\java.dll
Event: 0.027 Loaded shared library C:\Program Files\Microsoft\jdk-17.0.20.8-hotspot\bin\jsvml.dll
Event: 0.070 Loaded shared library C:\Program Files\Microsoft\jdk-17.0.20.8-hotspot\bin\zip.dll
Event: 0.073 Loaded shared library C:\Program Files\Microsoft\jdk-17.0.20.8-hotspot\bin\instrument.dll
Event: 0.078 Loaded shared library C:\Program Files\Microsoft\jdk-17.0.20.8-hotspot\bin\net.dll
Event: 0.079 Loaded shared library C:\Program Files\Microsoft\jdk-17.0.20.8-hotspot\bin\nio.dll
Event: 0.081 Loaded shared library C:\Program Files\Microsoft\jdk-17.0.20.8-hotspot\bin\zip.dll
Event: 0.314 Loaded shared library C:\Program Files\Microsoft\jdk-17.0.20.8-hotspot\bin\jimage.dll
Event: 0.507 Loaded shared library C:\Program Files\Microsoft\jdk-17.0.20.8-hotspot\bin\verify.dll
Event: 0.541 Loaded shared library C:\Users\bhuva\.gradle\native\660c5614fbf4a5f2a75b1949f50a0caf5cd603558e7d8a26e50b933a0cfb79d1\windows-amd64\native-platform.dll
Event: 0.555 Loaded shared library C:\Users\bhuva\.gradle\native\0.2.8\x86_64-windows-gnu\gradle-fileevents.dll
Event: 1.497 Loaded shared library C:\Program Files\Microsoft\jdk-17.0.20.8-hotspot\bin\management.dll
Event: 1.500 Loaded shared library C:\Program Files\Microsoft\jdk-17.0.20.8-hotspot\bin\management_ext.dll
Event: 1.763 Loaded shared library C:\Program Files\Microsoft\jdk-17.0.20.8-hotspot\bin\extnet.dll
Event: 1.980 Loaded shared library C:\Program Files\Microsoft\jdk-17.0.20.8-hotspot\bin\sunmscapi.dll

Deoptimization events (20 events):
Event: 384.944 Thread 0x00000184270e3ab0 DEOPT PACKING pc=0x000001846fe33bc4 sp=0x00000065272f7210
Event: 384.944 Thread 0x00000184270e3ab0 DEOPT UNPACKING pc=0x000001846e4469a3 sp=0x00000065272f7128 mode 2
Event: 384.945 Thread 0x00000184270e3ab0 Uncommon trap: trap_request=0xffffff45 fr.pc=0x000001846fe34244 relative=0x0000000000000184
Event: 384.945 Thread 0x00000184270e3ab0 Uncommon trap: reason=unstable_if action=reinterpret pc=0x000001846fe34244 method=com.google.gson.internal.bind.TypeAdapters$15.read(Lcom/google/gson/stream/JsonReader;)Ljava/lang/String; @ 9 c2
Event: 384.945 Thread 0x00000184270e3ab0 DEOPT PACKING pc=0x000001846fe34244 sp=0x00000065272f7180
Event: 384.945 Thread 0x00000184270e3ab0 DEOPT UNPACKING pc=0x000001846e4469a3 sp=0x00000065272f7110 mode 2
Event: 388.694 Thread 0x00000184270e3ab0 Uncommon trap: trap_request=0xffffffcc fr.pc=0x0000018470a790b4 relative=0x0000000000000114
Event: 388.694 Thread 0x00000184270e3ab0 Uncommon trap: reason=intrinsic_or_type_checked_inlining action=make_not_entrant pc=0x0000018470a790b4 method=com.google.common.collect.RegularImmutableList.copyIntoArray([Ljava/lang/Object;I)I @ 12 c2
Event: 388.694 Thread 0x00000184270e3ab0 DEOPT PACKING pc=0x0000018470a790b4 sp=0x00000065272f0e60
Event: 388.694 Thread 0x00000184270e3ab0 DEOPT UNPACKING pc=0x000001846e4469a3 sp=0x00000065272f0e10 mode 2
Event: 390.272 Thread 0x00000184270e3ab0 DEOPT PACKING pc=0x000001846cd27ce7 sp=0x00000065272f47d0
Event: 390.272 Thread 0x00000184270e3ab0 DEOPT UNPACKING pc=0x000001846e447143 sp=0x00000065272f3cf8 mode 0
Event: 390.313 Thread 0x00000184270e3ab0 DEOPT PACKING pc=0x000001846cd27ce7 sp=0x00000065272f47d0
Event: 390.313 Thread 0x00000184270e3ab0 DEOPT UNPACKING pc=0x000001846e447143 sp=0x00000065272f3cf8 mode 0
Event: 390.366 Thread 0x00000184270e3ab0 DEOPT PACKING pc=0x000001846cd27ce7 sp=0x00000065272f47d0
Event: 390.366 Thread 0x00000184270e3ab0 DEOPT UNPACKING pc=0x000001846e447143 sp=0x00000065272f3cf8 mode 0
Event: 390.593 Thread 0x000001841fcd1280 Uncommon trap: trap_request=0xffffffc6 fr.pc=0x000001846fb2a8f4 relative=0x00000000000009d4
Event: 390.593 Thread 0x000001841fcd1280 Uncommon trap: reason=bimorphic_or_optimized_type_check action=maybe_recompile pc=0x000001846fb2a8f4 method=java.lang.ThreadLocal.setInitialValue()Ljava/lang/Object; @ 31 c2
Event: 390.593 Thread 0x000001841fcd1280 DEOPT PACKING pc=0x000001846fb2a8f4 sp=0x00000065275fef50
Event: 390.593 Thread 0x000001841fcd1280 DEOPT UNPACKING pc=0x000001846e4469a3 sp=0x00000065275feea0 mode 2

Classes loaded (20 events):
Event: 379.351 Loading class java/lang/Map
Event: 379.353 Loading class java/lang/Map done
Event: 379.360 Loading class java/io/Map
Event: 379.360 Loading class java/io/Map done
Event: 379.366 Loading class java/net/Map
Event: 379.366 Loading class java/net/Map done
Event: 379.384 Loading class java/lang/HashMap
Event: 379.384 Loading class java/lang/HashMap done
Event: 379.388 Loading class java/io/HashMap
Event: 379.388 Loading class java/io/HashMap done
Event: 379.393 Loading class java/net/HashMap
Event: 379.393 Loading class java/net/HashMap done
Event: 379.445 Loading class java/lang/LinkedList
Event: 379.445 Loading class java/lang/LinkedList done
Event: 379.448 Loading class java/io/LinkedList
Event: 379.448 Loading class java/io/LinkedList done
Event: 379.468 Loading class java/net/LinkedList
Event: 379.468 Loading class java/net/LinkedList done
Event: 379.586 Loading class java/lang/Throwable$PrintStreamOrWriter
Event: 379.586 Loading class java/lang/Throwable$PrintStreamOrWriter done

Classes unloaded (20 events):
Event: 15.575 Thread 0x000001847d7dc540 Unloading class 0x000001840169e000 '_BuildScript_'
Event: 15.575 Thread 0x000001847d7dc540 Unloading class 0x0000018401699000 '_BuildScript_$_run_closure1$_closure2$_closure3$_closure4'
Event: 15.575 Thread 0x000001847d7dc540 Unloading class 0x0000018401695c00 '_BuildScript_$_run_closure1$_closure2$_closure3'
Event: 15.575 Thread 0x000001847d7dc540 Unloading class 0x00000184016988d8 '_BuildScript_$_run_closure1$_closure2'
Event: 15.575 Thread 0x000001847d7dc540 Unloading class 0x00000184016984f0 '_BuildScript_$_run_closure1'
Event: 15.575 Thread 0x000001847d7dc540 Unloading class 0x0000018401698000 '_BuildScript_'
Event: 15.575 Thread 0x000001847d7dc540 Unloading class 0x0000018401692000 '_BuildScript_$_run_closure1$_closure2'
Event: 15.575 Thread 0x000001847d7dc540 Unloading class 0x00000184016918d8 '_BuildScript_$_run_closure1'
Event: 15.575 Thread 0x000001847d7dc540 Unloading class 0x00000184016913e8 '_BuildScript_'
Event: 15.575 Thread 0x000001847d7dc540 Unloading class 0x0000018401691000 'ProtobufPatchPlugin$_apply_closure1$_closure2$_closure3$_closure4'
Event: 15.575 Thread 0x000001847d7dc540 Unloading class 0x0000018401690a98 'ProtobufPatchPlugin$_apply_closure1$_closure2$_closure3'
Event: 15.575 Thread 0x000001847d7dc540 Unloading class 0x00000184016906b0 'ProtobufPatchPlugin$_apply_closure1$_closure2'
Event: 15.575 Thread 0x000001847d7dc540 Unloading class 0x00000184016902c8 'ProtobufPatchPlugin$_apply_closure1'
Event: 15.575 Thread 0x000001847d7dc540 Unloading class 0x0000018401690000 'ProtobufPatchPlugin'
Event: 15.575 Thread 0x000001847d7dc540 Unloading class 0x00000184015ec3e8 '_BuildScript_$_run_closure1$_closure2'
Event: 15.575 Thread 0x000001847d7dc540 Unloading class 0x00000184015ec000 '_BuildScript_$_run_closure1'
Event: 15.575 Thread 0x000001847d7dc540 Unloading class 0x00000184015e4000 '_BuildScript_'
Event: 65.784 Thread 0x000001847d7dc540 Unloading class 0x000001840249e000 'java/lang/invoke/LambdaForm$DMH+0x000001840249e000'
Event: 65.784 Thread 0x000001847d7dc540 Unloading class 0x0000018402480c00 'java/lang/invoke/LambdaForm$MH+0x0000018402480c00'
Event: 65.784 Thread 0x000001847d7dc540 Unloading class 0x0000018402480400 'java/lang/invoke/LambdaForm$DMH+0x0000018402480400'

Classes redefined (0 events):
No events

Internal exceptions (20 events):
Event: 387.056 Thread 0x00000184270e3ab0 Exception <a 'sun/nio/fs/WindowsException'{0x00000000a65838b0}> (0x00000000a65838b0) 
thrown [s\src\hotspot\share\prims\jni.cpp, line 516]
Event: 387.063 Thread 0x00000184270e3ab0 Exception <a 'sun/nio/fs/WindowsException'{0x00000000a65b6650}> (0x00000000a65b6650) 
thrown [s\src\hotspot\share\prims\jni.cpp, line 516]
Event: 387.063 Thread 0x00000184270e3ab0 Exception <a 'sun/nio/fs/WindowsException'{0x00000000a65b7bc0}> (0x00000000a65b7bc0) 
thrown [s\src\hotspot\share\prims\jni.cpp, line 516]
Event: 387.064 Thread 0x00000184270e3ab0 Exception <a 'sun/nio/fs/WindowsException'{0x00000000a65b9d68}> (0x00000000a65b9d68) 
thrown [s\src\hotspot\share\prims\jni.cpp, line 516]
Event: 388.376 Thread 0x0000018444fef070 Exception <a 'sun/nio/fs/WindowsException'{0x00000000a55378e0}> (0x00000000a55378e0) 
thrown [s\src\hotspot\share\prims\jni.cpp, line 516]
Event: 388.376 Thread 0x0000018444fef070 Exception <a 'sun/nio/fs/WindowsException'{0x00000000a554b928}> (0x00000000a554b928) 
thrown [s\src\hotspot\share\prims\jni.cpp, line 516]
Event: 388.376 Thread 0x0000018444fef070 Exception <a 'sun/nio/fs/WindowsException'{0x00000000a554e080}> (0x00000000a554e080) 
thrown [s\src\hotspot\share\prims\jni.cpp, line 516]
Event: 388.377 Thread 0x0000018444fef070 Exception <a 'sun/nio/fs/WindowsException'{0x00000000a55503a8}> (0x00000000a55503a8) 
thrown [s\src\hotspot\share\prims\jni.cpp, line 516]
Event: 388.386 Thread 0x0000018444ff04b0 Exception <a 'sun/nio/fs/WindowsException'{0x00000000a54da988}> (0x00000000a54da988) 
thrown [s\src\hotspot\share\prims\jni.cpp, line 516]
Event: 388.386 Thread 0x0000018444ff04b0 Exception <a 'sun/nio/fs/WindowsException'{0x00000000a54df828}> (0x00000000a54df828) 
thrown [s\src\hotspot\share\prims\jni.cpp, line 516]
Event: 388.387 Thread 0x0000018444ff04b0 Exception <a 'sun/nio/fs/WindowsException'{0x00000000a54e1c28}> (0x00000000a54e1c28) 
thrown [s\src\hotspot\share\prims\jni.cpp, line 516]
Event: 388.387 Thread 0x0000018444ff04b0 Exception <a 'sun/nio/fs/WindowsException'{0x00000000a54e3c60}> (0x00000000a54e3c60) 
thrown [s\src\hotspot\share\prims\jni.cpp, line 516]
Event: 388.393 Thread 0x000001842532f9a0 Exception <a 'sun/nio/fs/WindowsException'{0x00000000a533ef50}> (0x00000000a533ef50) 
thrown [s\src\hotspot\share\prims\jni.cpp, line 516]
Event: 388.393 Thread 0x000001842532f9a0 Exception <a 'sun/nio/fs/WindowsException'{0x00000000a53416d8}> (0x00000000a53416d8) 
thrown [s\src\hotspot\share\prims\jni.cpp, line 516]
Event: 388.393 Thread 0x000001842532f9a0 Exception <a 'sun/nio/fs/WindowsException'{0x00000000a5357dc0}> (0x00000000a5357dc0) 
thrown [s\src\hotspot\share\prims\jni.cpp, line 516]
Event: 388.394 Thread 0x000001842532f9a0 Exception <a 'sun/nio/fs/WindowsException'{0x00000000a535a0b0}> (0x00000000a535a0b0) 
thrown [s\src\hotspot\share\prims\jni.cpp, line 516]
Event: 388.472 Thread 0x0000018444ff04b0 Exception <a 'sun/nio/fs/WindowsException'{0x00000000a6d2c100}> (0x00000000a6d2c100) 
thrown [s\src\hotspot\share\prims\jni.cpp, line 516]
Event: 388.472 Thread 0x0000018444ff04b0 Exception <a 'sun/nio/fs/WindowsException'{0x00000000a6d2e180}> (0x00000000a6d2e180) 
thrown [s\src\hotspot\share\prims\jni.cpp, line 516]
Event: 388.472 Thread 0x0000018444ff04b0 Exception <a 'sun/nio/fs/WindowsException'{0x00000000a6d30180}> (0x00000000a6d30180) 
thrown [s\src\hotspot\share\prims\jni.cpp, line 516]
Event: 388.472 Thread 0x0000018444ff04b0 Exception <a 'sun/nio/fs/WindowsException'{0x00000000a6d3dd48}> (0x00000000a6d3dd48) 
thrown [s\src\hotspot\share\prims\jni.cpp, line 516]

VM Operations (20 events):
Event: 382.967 Executing VM operation: G1CollectForAllocation
Event: 382.974 Executing VM operation: G1CollectForAllocation done
Event: 383.733 Executing VM operation: G1CollectForAllocation
Event: 383.742 Executing VM operation: G1CollectForAllocation done
Event: 384.526 Executing VM operation: G1CollectForAllocation
Event: 384.534 Executing VM operation: G1CollectForAllocation done
Event: 385.539 Executing VM operation: Cleanup
Event: 385.539 Executing VM operation: Cleanup done
Event: 387.339 Executing VM operation: G1CollectForAllocation
Event: 387.345 Executing VM operation: G1CollectForAllocation done
Event: 387.585 Executing VM operation: G1CollectForAllocation
Event: 387.590 Executing VM operation: G1CollectForAllocation done
Event: 388.464 Executing VM operation: G1CollectForAllocation
Event: 388.469 Executing VM operation: G1CollectForAllocation done
Event: 389.475 Executing VM operation: Cleanup
Event: 389.475 Executing VM operation: Cleanup done
Event: 390.070 Executing VM operation: G1CollectForAllocation
Event: 390.077 Executing VM operation: G1CollectForAllocation done
Event: 390.547 Executing VM operation: G1CollectForAllocation
Event: 390.560 Executing VM operation: G1CollectForAllocation done

Memory protections (0 events):
No events

Nmethod flushes (20 events):
Event: 277.942 Thread 0x000001847d826650 flushing  nmethod 0x000001846cf3b790
Event: 277.942 Thread 0x000001847d826650 flushing  nmethod 0x000001846cf3df10
Event: 277.943 Thread 0x000001847d826650 flushing  nmethod 0x000001846d021d10
Event: 277.943 Thread 0x000001847d826650 flushing  nmethod 0x000001846d03a790
Event: 277.945 Thread 0x000001847d826650 flushing  nmethod 0x000001846d2e5610
Event: 277.945 Thread 0x000001847d826650 flushing  nmethod 0x000001846d2e8c90
Event: 277.946 Thread 0x000001847d826650 flushing  nmethod 0x000001846d308290
Event: 277.946 Thread 0x000001847d826650 flushing  nmethod 0x000001846d30c990
Event: 277.946 Thread 0x000001847d826650 flushing  nmethod 0x000001846d31af10
Event: 277.946 Thread 0x000001847d826650 flushing  nmethod 0x000001846d31ea90
Event: 277.946 Thread 0x000001847d826650 flushing  nmethod 0x000001846d380290
Event: 277.946 Thread 0x000001847d826650 flushing  nmethod 0x000001846d383190
Event: 277.946 Thread 0x000001847d826650 flushing  nmethod 0x000001846d389910
Event: 277.946 Thread 0x000001847d826650 flushing  nmethod 0x000001846d394610
Event: 277.947 Thread 0x000001847d826650 flushing  nmethod 0x000001846d43d890
Event: 382.298 Thread 0x000001847d826650 flushing  nmethod 0x0000018470995b90
Event: 382.299 Thread 0x000001847d826650 flushing  nmethod 0x0000018466fa0e10
Event: 382.323 Thread 0x000001847d826650 flushing  nmethod 0x0000018467d56390
Event: 382.348 Thread 0x000001847d826650 flushing  nmethod 0x0000018468cc9910
Event: 382.444 Thread 0x000001847d826650 flushing  nmethod 0x000001846d31bd10

Events (20 events):
Event: 387.258 Thread 0x00000184270e3ab0 Thread added: 0x00000184445add80
Event: 387.258 Thread 0x00000184270e3ab0 Thread added: 0x00000184445af6d0
Event: 387.258 Thread 0x00000184270e3ab0 Thread added: 0x00000184445aecb0
Event: 387.259 Thread 0x00000184270e3ab0 Thread added: 0x00000184445afbe0
Event: 387.259 Thread 0x00000184270e3ab0 Thread added: 0x000001841fcd8c00
Event: 387.260 Thread 0x00000184270e3ab0 Thread added: 0x000001841fcd7cd0
Event: 387.260 Thread 0x00000184270e3ab0 Thread added: 0x000001841fcd9110
Event: 387.276 Thread 0x00000184270e3ab0 Thread added: 0x0000018435c04430
Event: 387.525 Thread 0x00000184347ccca0 Thread exited: 0x00000184347ccca0
Event: 387.565 Thread 0x0000018425328e90 Thread exited: 0x0000018425328e90
Event: 387.683 Thread 0x000001847d812140 Thread added: 0x00000184455cffb0
Event: 387.698 Thread 0x0000018435d4b490 Thread added: 0x0000018433ecbc10
Event: 388.327 Thread 0x00000184270e3ab0 Thread added: 0x0000018427161250
Event: 388.329 Thread 0x00000184358b61e0 Thread added: 0x0000018444ebd1e0
Event: 388.812 Thread 0x00000184270e3ab0 Thread added: 0x000001844396cf40
Event: 389.577 Thread 0x0000018433ecbc10 Thread exited: 0x0000018433ecbc10
Event: 389.578 Thread 0x0000018433eccc00 Thread exited: 0x0000018433eccc00
Event: 389.992 Thread 0x0000018433ecb6c0 Thread exited: 0x0000018433ecb6c0
Event: 389.992 Thread 0x00000184455cffb0 Thread exited: 0x00000184455cffb0
Event: 390.346 Thread 0x000001847d7ff1e0 Thread added: 0x0000018433ecd6a0


Dynamic libraries:
0x00007ff7aa570000 - 0x00007ff7aa57e000 	C:\Program Files\Microsoft\jdk-17.0.20.8-hotspot\bin\java.exe
0x00007ff9480a0000 - 0x00007ff948306000 	C:\WINDOWS\SYSTEM32\ntdll.dll
0x00007ff946810000 - 0x00007ff9468d9000 	C:\WINDOWS\System32\KERNEL32.DLL
0x00007ff9452b0000 - 0x00007ff9456af000 	C:\WINDOWS\System32\KERNELBASE.dll
0x00007ff945a20000 - 0x00007ff945b6c000 	C:\WINDOWS\System32\ucrtbase.dll
0x00007ff923180000 - 0x00007ff923198000 	C:\Program Files\Microsoft\jdk-17.0.20.8-hotspot\bin\jli.dll
0x00007ff921490000 - 0x00007ff9214ae000 	C:\Program Files\Microsoft\jdk-17.0.20.8-hotspot\bin\VCRUNTIME140.dll
0x00007ff946de0000 - 0x00007ff946fa6000 	C:\WINDOWS\System32\USER32.dll
0x00007ff945940000 - 0x00007ff945967000 	C:\WINDOWS\System32\win32u.dll
0x00007ff921dd0000 - 0x00007ff922061000 	C:\WINDOWS\WinSxS\amd64_microsoft.windows.common-controls_6595b64144ccf1df_6.0.26100.8972_none_3e0da176e32f9d4b\COMCTL32.dll
0x00007ff947b50000 - 0x00007ff947b7b000 	C:\WINDOWS\System32\GDI32.dll
0x00007ff9478f0000 - 0x00007ff947999000 	C:\WINDOWS\System32\msvcrt.dll
0x00007ff945810000 - 0x00007ff945939000 	C:\WINDOWS\System32\gdi32full.dll
0x00007ff945970000 - 0x00007ff945a13000 	C:\WINDOWS\System32\msvcp_win.dll
0x00007ff946410000 - 0x00007ff946442000 	C:\WINDOWS\System32\IMM32.DLL
0x00007ff92e350000 - 0x00007ff92e35c000 	C:\Program Files\Microsoft\jdk-17.0.20.8-hotspot\bin\vcruntime140_1.dll
0x00007ff902e70000 - 0x00007ff902ef9000 	C:\Program Files\Microsoft\jdk-17.0.20.8-hotspot\bin\msvcp140.dll
0x00007ff834b00000 - 0x00007ff83577b000 	C:\Program Files\Microsoft\jdk-17.0.20.8-hotspot\bin\server\jvm.dll
0x00007ff945dd0000 - 0x00007ff945e8c000 	C:\WINDOWS\System32\ADVAPI32.dll
0x00007ff947c20000 - 0x00007ff947cc9000 	C:\WINDOWS\System32\sechost.dll
0x00007ff947f40000 - 0x00007ff948058000 	C:\WINDOWS\System32\RPCRT4.dll
0x00007ff947cd0000 - 0x00007ff947d52000 	C:\WINDOWS\System32\WS2_32.dll
0x00007ff9386b0000 - 0x00007ff9386e6000 	C:\WINDOWS\SYSTEM32\WINMM.dll
0x00007ff945130000 - 0x00007ff94518e000 	C:\WINDOWS\SYSTEM32\POWRPROF.dll
0x00007ff941eb0000 - 0x00007ff941ebb000 	C:\WINDOWS\SYSTEM32\VERSION.dll
0x00007ff945110000 - 0x00007ff945125000 	C:\WINDOWS\SYSTEM32\UMPDC.dll
0x00007ff943f70000 - 0x00007ff943f8b000 	C:\WINDOWS\SYSTEM32\kernel.appcore.dll
0x00007ff92dde0000 - 0x00007ff92ddea000 	C:\Program Files\Microsoft\jdk-17.0.20.8-hotspot\bin\jimage.dll
0x00007ff942a70000 - 0x00007ff942cb2000 	C:\WINDOWS\SYSTEM32\DBGHELP.DLL
0x00007ff946970000 - 0x00007ff946cf5000 	C:\WINDOWS\System32\combase.dll
0x00007ff946d00000 - 0x00007ff946dd9000 	C:\WINDOWS\System32\OLEAUT32.dll
0x00007ff9200f0000 - 0x00007ff92012b000 	C:\WINDOWS\SYSTEM32\dbgcore.DLL
0x00007ff945d10000 - 0x00007ff945dbc000 	C:\WINDOWS\System32\bcryptPrimitives.dll
0x00007ff92cc80000 - 0x00007ff92cc8f000 	C:\Program Files\Microsoft\jdk-17.0.20.8-hotspot\bin\instrument.dll
0x00007ff915aa0000 - 0x00007ff915ac6000 	C:\Program Files\Microsoft\jdk-17.0.20.8-hotspot\bin\java.dll
0x00007ff8fe590000 - 0x00007ff8fe666000 	C:\Program Files\Microsoft\jdk-17.0.20.8-hotspot\bin\jsvml.dll
0x00007ff946fb0000 - 0x00007ff947738000 	C:\WINDOWS\System32\SHELL32.dll
0x00007ff942d20000 - 0x00007ff9435bb000 	C:\WINDOWS\SYSTEM32\windows.storage.dll
0x00007ff947a50000 - 0x00007ff947b49000 	C:\WINDOWS\System32\SHCORE.dll
0x00007ff947bb0000 - 0x00007ff947c16000 	C:\WINDOWS\System32\shlwapi.dll
0x00007ff9451d0000 - 0x00007ff9451f9000 	C:\WINDOWS\SYSTEM32\profapi.dll
0x00007ff90fa90000 - 0x00007ff90faa8000 	C:\Program Files\Microsoft\jdk-17.0.20.8-hotspot\bin\zip.dll
0x00007ff91d490000 - 0x00007ff91d4ab000 	C:\Program Files\Microsoft\jdk-17.0.20.8-hotspot\bin\net.dll
0x00007ff93c810000 - 0x00007ff93c937000 	C:\WINDOWS\SYSTEM32\WINHTTP.dll
0x00007ff944550000 - 0x00007ff9445bc000 	C:\WINDOWS\system32\mswsock.dll
0x00007ff9159c0000 - 0x00007ff9159d6000 	C:\Program Files\Microsoft\jdk-17.0.20.8-hotspot\bin\nio.dll
0x00007ff927e90000 - 0x00007ff927ea0000 	C:\Program Files\Microsoft\jdk-17.0.20.8-hotspot\bin\verify.dll
0x00007ff91d380000 - 0x00007ff91d3a7000 	C:\Users\bhuva\.gradle\native\660c5614fbf4a5f2a75b1949f50a0caf5cd603558e7d8a26e50b933a0cfb79d1\windows-amd64\native-platform.dll
0x00007ff9023b0000 - 0x00007ff902427000 	C:\Users\bhuva\.gradle\native\0.2.8\x86_64-windows-gnu\gradle-fileevents.dll
0x00007ff92ab90000 - 0x00007ff92ab9a000 	C:\Program Files\Microsoft\jdk-17.0.20.8-hotspot\bin\management.dll
0x00007ff92aac0000 - 0x00007ff92aacc000 	C:\Program Files\Microsoft\jdk-17.0.20.8-hotspot\bin\management_ext.dll
0x00007ff946550000 - 0x00007ff946558000 	C:\WINDOWS\System32\PSAPI.DLL
0x00007ff943910000 - 0x00007ff943943000 	C:\WINDOWS\SYSTEM32\IPHLPAPI.DLL
0x00007ff9479c0000 - 0x00007ff9479ca000 	C:\WINDOWS\System32\NSI.dll
0x00007ff93cc50000 - 0x00007ff93cc6d000 	C:\WINDOWS\SYSTEM32\dhcpcsvc6.DLL
0x00007ff93cc20000 - 0x00007ff93cc45000 	C:\WINDOWS\SYSTEM32\dhcpcsvc.DLL
0x00007ff943950000 - 0x00007ff943aa8000 	C:\WINDOWS\SYSTEM32\DNSAPI.dll
0x00007ff9442e0000 - 0x00007ff9442ed000 	C:\WINDOWS\SYSTEM32\DSPARSE.dll
0x00007ff927d80000 - 0x00007ff927d89000 	C:\Program Files\Microsoft\jdk-17.0.20.8-hotspot\bin\extnet.dll
0x00007ff944840000 - 0x00007ff94485b000 	C:\WINDOWS\SYSTEM32\CRYPTSP.dll
0x00007ff943ed0000 - 0x00007ff943f09000 	C:\WINDOWS\system32\rsaenh.dll
0x00007ff944600000 - 0x00007ff944632000 	C:\WINDOWS\SYSTEM32\USERENV.dll
0x00007ff9451a0000 - 0x00007ff9451ca000 	C:\WINDOWS\SYSTEM32\bcrypt.dll
0x00007ff944860000 - 0x00007ff94486c000 	C:\WINDOWS\SYSTEM32\CRYPTBASE.dll
0x00007ff922da0000 - 0x00007ff922dae000 	C:\Program Files\Microsoft\jdk-17.0.20.8-hotspot\bin\sunmscapi.dll
0x00007ff945b80000 - 0x00007ff945cfe000 	C:\WINDOWS\System32\CRYPT32.dll
0x00007ff944a80000 - 0x00007ff944ab0000 	C:\WINDOWS\SYSTEM32\ncrypt.dll
0x00007ff944a30000 - 0x00007ff944a6f000 	C:\WINDOWS\SYSTEM32\NTASN1.dll
0x00007ff9109a0000 - 0x00007ff9109a8000 	C:\WINDOWS\system32\wshunix.dll
0x00007ff9440b0000 - 0x00007ff9440e6000 	C:\WINDOWS\SYSTEM32\ntmarta.dll
0x00007ff93bbe0000 - 0x00007ff93bbeb000 	C:\Windows\System32\rasadhlp.dll
0x00007ff93ce00000 - 0x00007ff93ce86000 	C:\WINDOWS\System32\fwpuclnt.dll

dbghelp: loaded successfully - version: 4.0.5 - missing functions: none
symbol engine: initialized successfully - sym options: 0x614 - pdb path: .;C:\Program Files\Microsoft\jdk-17.0.20.8-hotspot\bin;C:\WINDOWS\SYSTEM32;C:\WINDOWS\WinSxS\amd64_microsoft.windows.common-controls_6595b64144ccf1df_6.0.26100.8972_none_3e0da176e32f9d4b;C:\Program Files\Microsoft\jdk-17.0.20.8-hotspot\bin\server;C:\Users\bhuva\.gradle\native\660c5614fbf4a5f2a75b1949f50a0caf5cd603558e7d8a26e50b933a0cfb79d1\windows-amd64;C:\Users\bhuva\.gradle\native\0.2.8\x86_64-windows-gnu

VM Arguments:
jvm_args: --add-opens=java.base/java.lang=ALL-UNNAMED --add-opens=java.base/java.lang.invoke=ALL-UNNAMED --add-opens=java.base/java.util=ALL-UNNAMED --add-opens=java.prefs/java.util.prefs=ALL-UNNAMED --add-exports=jdk.compiler/com.sun.tools.javac.api=ALL-UNNAMED --add-exports=jdk.compiler/com.sun.tools.javac.util=ALL-UNNAMED --add-opens=java.base/java.util=ALL-UNNAMED --add-opens=java.prefs/java.util.prefs=ALL-UNNAMED --add-opens=java.base/java.nio.charset=ALL-UNNAMED --add-opens=java.base/java.net=ALL-UNNAMED --add-opens=java.base/java.util.concurrent=ALL-UNNAMED --add-opens=java.base/java.util.concurrent.atomic=ALL-UNNAMED --add-opens=java.xml/javax.xml.namespace=ALL-UNNAMED --add-opens=java.base/java.time=ALL-UNNAMED -XX:MaxMetaspaceSize=512m -Xmx2048m -Dfile.encoding=UTF-8 -Duser.country=IN -Duser.language=en -Duser.variant -javaagent:C:\Users\bhuva\.gradle\wrapper\dists\gradle-9.3.1-bin\23ovyewtku6u96viwx3xl3oks\gradle-9.3.1\lib\agents\gradle-instrumentation-agent-9.3.1.jar 
java_command: org.gradle.launcher.daemon.bootstrap.GradleDaemon 9.3.1
java_class_path (initial): C:\Users\bhuva\.gradle\wrapper\dists\gradle-9.3.1-bin\23ovyewtku6u96viwx3xl3oks\gradle-9.3.1\lib\gradle-daemon-main-9.3.1.jar
Launcher Type: SUN_STANDARD

[Global flags]
     intx CICompilerCount                          = 12                                        {product} {ergonomic}
   size_t CompressedClassSpaceSize                 = 436207616                                 {product} {ergonomic}
     uint ConcGCThreads                            = 3                                         {product} {ergonomic}
     uint G1ConcRefinementThreads                  = 13                                        {product} {ergonomic}
   size_t G1HeapRegionSize                         = 1048576                                   {product} {ergonomic}
    uintx GCDrainStackTargetSize                   = 64                                        {product} {ergonomic}
   size_t InitialHeapSize                          = 264241152                                 {product} {ergonomic}
   size_t MarkStackSize                            = 4194304                                   {product} {ergonomic}
   size_t MaxHeapSize                              = 2147483648                                {product} {command line}
   size_t MaxMetaspaceSize                         = 536870912                                 {product} {command line}
   size_t MaxNewSize                               = 1287651328                                {product} {ergonomic}
   size_t MinHeapDeltaBytes                        = 1048576                                   {product} {ergonomic}
   size_t MinHeapSize                              = 8388608                                   {product} {ergonomic}
    uintx NonNMethodCodeHeapSize                   = 7602480                                {pd product} {ergonomic}
    uintx NonProfiledCodeHeapSize                  = 122027880                              {pd product} {ergonomic}
    uintx ProfiledCodeHeapSize                     = 122027880                              {pd product} {ergonomic}
    uintx ReservedCodeCacheSize                    = 251658240                              {pd product} {ergonomic}
     bool SegmentedCodeCache                       = true                                      {product} {ergonomic}
   size_t SoftMaxHeapSize                          = 2147483648                             {manageable} {ergonomic}
     bool UseCompressedClassPointers               = true                           {product lp64_product} {ergonomic}
     bool UseCompressedOops                        = true                           {product lp64_product} {ergonomic}
     bool UseG1GC                                  = true                                      {product} {ergonomic}
     bool UseLargePagesIndividualAllocation        = false                                  {pd product} {ergonomic}

Logging:
Log output configuration:
 #0: stdout all=warning uptime,level,tags
 #1: stderr all=off uptime,level,tags

Environment Variables:
JAVA_HOME=C:\Program Files\Microsoft\jdk-17.0.20.8-hotspot
PATH=C:\Program Files\Microsoft\jdk-17.0.20.8-hotspot\bin;C:\Python313\Scripts\;C:\Python313\;C:\Program Files (x86)\Common Files\Oracle\Java\java8path;C:\Program Files (x86)\Common Files\Oracle\Java\javapath;C:\Program Files\Python311\Scripts\;C:\Program Files\Python311\;C:\windows\system32;C:\windows;C:\windows\System32\Wbem;C:\windows\System32\WindowsPowerShell\v1.0\;C:\windows\System32\OpenSSH\;C:\MinGW\bin;C:\ProgramData\chocolatey\bin;C:\Program Files\dotnet\;C:\Program Files\Git\cmd;C:\WINDOWS\system32;C:\WINDOWS;C:\WINDOWS\System32\Wbem;C:\WINDOWS\System32\WindowsPowerShell\v1.0\;C:\WINDOWS\System32\OpenSSH\;C:\Program Files (x86)\Google\Cloud SDK\google-cloud-sdk\bin;C:\xampp\php;C:\php-8.4.3;C:\ProgramData\ComposerSetup\bin;c:\Users\bhuva\AppData\Local\Programs\cursor\resources\app\bin;C:\Program Files\nodejs\;C:\WINDOWS\system32;C:\WINDOWS;C:\WINDOWS\System32\Wbem;C:\WINDOWS\System32\WindowsPowerShell\v1.0\;C:\WINDOWS\System32\OpenSSH\;C:\Program Files\Docker\Docker\resources\bin;C:\Program Files\Cloudflare\Cloudflare WARP\;C:\Users\bhuva\AppData\Local\hermes\hermes-agent\venv\Scripts;C:\Users\bhuva\AppData\Local\hermes\node;C:\Users\bhuva\AppData\Local\hermes\bin;C:\Users\bhuva\scoop\shims;C:\Users\bhuva\.local\bin;C:\Users\bhuva\AppData\Local\Microsoft\WindowsApps;C:\Program Files\JetBrains\PyCharm Community Edition 2023.1.2\bin;;C:\Users\bhuva\AppData\Local\Programs\Microsoft VS Code\bin;C:\appdev\flutter\bin;C:\flutter\bin;C:\Users\bhuva\AppData\Roaming\Python\Python311\site-packages;C:\xampp\php;C:\php-8.4.3;C:\Users\bhuva\AppData\Roaming\Composer\vendor\bin;C:\ProgramData\ComposerSetup\bin;C:\Users\bhuva\AppData\Local\Programs\Ollama;C:\Users\bhuva\AppData\Roaming\npm;C:\Users\bhuva\AppData\Local\Programs\Antigravity IDE\bin;C:\Users\bhuva\AppData\Local\Programs\Zed\bin;C:\Users\bhuva\AppData\Local\Microsoft\WinGet\Links
USERNAME=bhuva
OS=Windows_NT
PROCESSOR_IDENTIFIER=Intel64 Family 6 Model 154 Stepping 3, GenuineIntel
TMP=C:\Users\bhuva\AppData\Local\Temp
TEMP=C:\Users\bhuva\AppData\Local\Temp



Periodic native trim disabled


---------------  S Y S T E M  ---------------

OS:
 Windows 11 , 64 bit Build 26100 (10.0.26100.8972)
OS uptime: 11 days 4:40 hours
Hyper-V role detected

CPU: total 16 (initial active 16) (8 cores per cpu, 2 threads per core) family 6 model 154 stepping 3 microcode 0x42c, cx8, cmov, fxsr, ht, mmx, 3dnowpref, sse, sse2, sse3, ssse3, sse4.1, sse4.2, popcnt, lzcnt, tsc, tscinvbit, avx, avx2, aes, erms, clmul, bmi1, bmi2, adx, sha, fma, vzeroupper, clflush, clflushopt, clwb, hv
Processor Information for processor 0
  Max Mhz: 1700, Current Mhz: 1700, Mhz Limit: 1700
Processor Information for processor 1
  Max Mhz: 1700, Current Mhz: 1700, Mhz Limit: 1700
Processor Information for processor 2
  Max Mhz: 1700, Current Mhz: 1700, Mhz Limit: 1700
Processor Information for processor 3
  Max Mhz: 1700, Current Mhz: 1700, Mhz Limit: 1700
Processor Information for processor 4
  Max Mhz: 1700, Current Mhz: 1700, Mhz Limit: 1700
Processor Information for processor 5
  Max Mhz: 1700, Current Mhz: 1700, Mhz Limit: 1700
Processor Information for processor 6
  Max Mhz: 1700, Current Mhz: 1700, Mhz Limit: 1700
Processor Information for processor 7
  Max Mhz: 1700, Current Mhz: 1700, Mhz Limit: 1700
Processor Information for processor 8
  Max Mhz: 1700, Current Mhz: 1200, Mhz Limit: 1190
Processor Information for processor 9
  Max Mhz: 1700, Current Mhz: 1200, Mhz Limit: 1190
Processor Information for processor 10
  Max Mhz: 1700, Current Mhz: 1200, Mhz Limit: 1190
Processor Information for processor 11
  Max Mhz: 1700, Current Mhz: 1200, Mhz Limit: 1190
Processor Information for processor 12
  Max Mhz: 1700, Current Mhz: 1200, Mhz Limit: 1190
Processor Information for processor 13
  Max Mhz: 1700, Current Mhz: 1200, Mhz Limit: 1190
Processor Information for processor 14
  Max Mhz: 1700, Current Mhz: 1200, Mhz Limit: 1190
Processor Information for processor 15
  Max Mhz: 1700, Current Mhz: 1200, Mhz Limit: 1190

Memory: 4k page, system-wide physical 16052M (3048M free)
TotalPageFile size 49506M (AvailPageFile size 5439M)
current process WorkingSet (physical memory assigned to process): 892M, peak: 1153M
current process commit charge ("private bytes"): 1347M, peak: 1356M

vm_info: OpenJDK 64-Bit Server VM (17.0.20+8-LTS) for windows-amd64 JRE (17.0.20+8-LTS), built on Jul 14 2026 18:14:29 by "MicrosoftCorporation" with MS VC++ 17.14 (VS2022)

END.
